County,Employment Rate (%),Unemployment Rate (%),Job Growth Proxy (%)
"Baldwin County, Alabama",55.8402659014271,1.1169405876498835,55.8402659014271
"Calhoun County, Alabama",51.94627912593324,2.941207354593471,51.94627912593324
"Cullman County, Alabama",56.23411732900784,2.200594755339281,56.23411732900784
"DeKalb County, Alabama",51.7817900529175,2.0323130746646507,51.7817900529175
"Elmore County, Alabama",54.55770156024469,1.4901367791600797,54.55770156024469
"Etowah County, Alabama",49.32650055675954,3.510578431255164,49.32650055675954
"Houston County, Alabama",57.028103179641064,2.369438513474522,57.028103179641064
"Jefferson County, Alabama",59.07603067655395,2.119378063348485,59.07603067655395
"Lauderdale County, Alabama",53.978149572544886,2.703133037748328,53.978149572544886
"Lee County, Alabama",56.827462567643835,3.222336575810896,56.827462567643835
"Limestone County, Alabama",57.49823244683744,2.0122912927611902,57.49823244683744
"Madison County, Alabama",63.52772010214554,1.7687525357390037,63.52772010214554
"Marshall County, Alabama",56.877037189128146,1.9415856068577881,56.877037189128146
"Mobile County, Alabama",56.85016158416567,1.829456228848343,56.85016158416567
"Montgomery County, Alabama",55.70764171978109,2.6097385194027165,55.70764171978109
"Morgan County, Alabama",59.46911689637571,2.1179273138556085,59.46911689637571
"St. Clair County, Alabama",58.085621554788524,2.0761423934882286,58.085621554788524
"Shelby County, Alabama",63.51512378844782,1.9076294538838825,63.51512378844782
"Talladega County, Alabama",53.60723412620405,2.2455429375028353,53.60723412620405
"Tuscaloosa County, Alabama",57.706614330192465,3.5368222032696592,57.706614330192465
"Anchorage Municipality, Alaska",63.466736265632115,2.819642833444662,63.466736265632115
"Fairbanks North Star Borough, Alaska",55.63966794415178,2.1193613477242255,55.63966794415178
"Matanuska-Susitna Borough, Alaska",58.12363086434854,1.366633677679058,58.12363086434854
"Apache County, Arizona",37.75697681165026,4.767246214245653,37.75697681165026
"Cochise County, Arizona",40.208523090637776,2.7247533962520105,40.208523090637776
"Coconino County, Arizona",59.26939276357245,3.4416144330580702,59.26939276357245
"Maricopa County, Arizona",62.65884076856736,2.3967038225601067,62.65884076856736
"Mohave County, Arizona",39.89874075035701,2.3637543814098403,39.89874075035701
"Navajo County, Arizona",41.96993856399193,3.6791258265722457,41.96993856399193
"Pima County, Arizona",55.65316383215399,2.6797828652775686,55.65316383215399
"Pinal County, Arizona",51.344795496498804,2.7478171545968157,51.344795496498804
"Yavapai County, Arizona",45.632015168179954,1.9926644178244524,45.632015168179954
"Yuma County, Arizona",44.62735457848794,3.2774658560015277,44.62735457848794
"Benton County, Arkansas",65.89636262263978,2.6379515515648793,65.89636262263978
"Craighead County, Arkansas",60.4802973809173,3.410134070741299,60.4802973809173
"Faulkner County, Arkansas",62.16040157872552,1.9983139824500902,62.16040157872552
"Garland County, Arkansas",50.67115312458393,2.281557510984156,50.67115312458393
"Jefferson County, Arkansas",47.9586722695555,2.951154632021281,47.9586722695555
"Lonoke County, Arkansas",57.15883295500067,3.002737348110562,57.15883295500067
"Pulaski County, Arkansas",58.15485477439994,1.923313318519219,58.15485477439994
"Saline County, Arkansas",60.9108031100594,1.7028058144588787,60.9108031100594
"Sebastian County, Arkansas",58.48976233118738,2.8675153686044825,58.48976233118738
"Washington County, Arkansas",64.0387321584132,1.9892591493476035,64.0387321584132
"White County, Arkansas",53.78103928289802,2.4364730684433287,53.78103928289802
"Alameda County, California",63.256349768260975,3.5191459866608756,63.256349768260975
"Butte County, California",55.36431137443814,4.108722023945568,55.36431137443814
"Contra Costa County, California",61.6878886838298,3.648950200492355,61.6878886838298
"El Dorado County, California",56.04119520968537,3.002362739780683,56.04119520968537
"Fresno County, California",56.75333083008558,4.5004078567451735,56.75333083008558
"Humboldt County, California",53.29900024904828,3.800654641192586,53.29900024904828
"Imperial County, California",48.225531819973085,4.962413841818412,48.225531819973085
"Kern County, California",55.222383575144676,5.066045675959723,55.222383575144676
"Kings County, California",45.69824214589423,4.888419294642933,45.69824214589423
"Lake County, California",48.80106081255295,3.140078824266087,48.80106081255295
"Los Angeles County, California",61.30557356774198,3.8433919292076437,61.30557356774198
"Madera County, California",51.0078018177431,4.282956647631304,51.0078018177431
"Marin County, California",57.886113020632244,2.8787208196397125,57.886113020632244
"Mendocino County, California",51.72277980741807,5.258654642745583,51.72277980741807
"Merced County, California",54.74912506573341,5.527499229332512,54.74912506573341
"Monterey County, California",55.81427308142731,2.093042709304271,55.81427308142731
"Napa County, California",62.465836352791406,2.4197209931717216,62.465836352791406
"Nevada County, California",48.22879539750392,2.9040650033808175,48.22879539750392
"Orange County, California",63.042138349860956,2.7333288483651708,63.042138349860956
"Placer County, California",57.910441678214184,2.874751097499913,57.910441678214184
"Riverside County, California",58.459949157863825,3.1477561603046476,58.459949157863825
"Sacramento County, California",60.05875800349014,4.054917590480067,60.05875800349014
"San Benito County, California",65.01851610622104,3.018404451309154,65.01851610622104
"San Bernardino County, California",58.84890369971014,3.88542365309465,58.84890369971014
"San Diego County, California",60.5498690627706,2.9788032741037416,60.5498690627706
"San Francisco County, California",65.86218658192348,3.3794339630586716,65.86218658192348
"San Joaquin County, California",59.46915571078072,4.1733588724552835,59.46915571078072
"San Luis Obispo County, California",56.20271903449603,2.607797464966608,56.20271903449603
"San Mateo County, California",63.76526834676221,2.4825292498960665,63.76526834676221
"Santa Barbara County, California",57.40090104050738,3.7039019731040255,57.40090104050738
"Santa Clara County, California",65.12231325375654,2.8842291728889666,65.12231325375654
"Santa Cruz County, California",58.96953912354207,3.610916091042917,58.96953912354207
"Shasta County, California",52.98528376429415,2.505109329396245,52.98528376429415
"Solano County, California",57.82084679812702,2.999901074985161,57.82084679812702
"Sonoma County, California",62.39570607636781,2.5952367382238006,62.39570607636781
"Stanislaus County, California",58.8028160703876,4.156842753669364,58.8028160703876
"Sutter County, California",53.83261157300916,3.736876598260065,53.83261157300916
"Tehama County, California",51.57611951837035,2.000347886588972,51.57611951837035
"Tulare County, California",55.88569143108222,5.023673455592203,55.88569143108222
"Ventura County, California",60.42589503438508,3.3702122364081886,60.42589503438508
"Yolo County, California",60.27034348250081,3.1482284104453355,60.27034348250081
"Yuba County, California",52.70416692464863,4.721069902792397,52.70416692464863
"Adams County, Colorado",69.79723106934789,2.2560769568124464,69.79723106934789
"Arapahoe County, Colorado",68.73377855354026,3.079608408590726,68.73377855354026
"Boulder County, Colorado",63.80788593003632,3.1477932553416665,63.80788593003632
"Broomfield County, Colorado",67.26737597582473,2.1704230672374716,67.26737597582473
"Denver County, Colorado",72.04785933861973,2.7991415811147844,72.04785933861973
"Douglas County, Colorado",69.96051918728568,2.8243217378045813,69.96051918728568
"El Paso County, Colorado",60.69879371884448,2.731911680940488,60.69879371884448
"Jefferson County, Colorado",67.18318710567823,1.9796184936908516,67.18318710567823
"Larimer County, Colorado",63.345101697127525,2.964799964344723,63.345101697127525
"Mesa County, Colorado",56.52969076076646,2.6143046860178334,56.52969076076646
"Pueblo County, Colorado",54.836331039268984,2.014053553871957,54.836331039268984
"Weld County, Colorado",67.10601657672102,2.8014372217530097,67.10601657672102
"Capitol Planning Region, Connecticut",63.40403476596762,2.995425005980384,63.40403476596762
"Greater Bridgeport Planning Region, Connecticut",62.509531984267994,4.497593995695111,62.509531984267994
"Lower Connecticut River Valley Planning Region, Connecticut",62.677058983239405,1.8469097868338973,62.677058983239405
"Naugatuck Valley Planning Region, Connecticut",61.77463891248938,3.481042905692439,61.77463891248938
"Northeastern Connecticut Planning Region, Connecticut",65.52422323663673,1.505669268149021,65.52422323663673
"Northwest Hills Planning Region, Connecticut",61.91863176988858,3.0722985229334023,61.91863176988858
"South Central Connecticut Planning Region, Connecticut",62.957457800814765,2.7299252144895867,62.957457800814765
"Southeastern Connecticut Planning Region, Connecticut",58.72931424329926,2.9836401783147624,58.72931424329926
"Western Connecticut Planning Region, Connecticut",65.85450933557213,2.914779647388523,65.85450933557213
"Kent County, Delaware",60.25469695778634,2.110028037628069,60.25469695778634
"New Castle County, Delaware",62.83624190725416,2.015964587333684,62.83624190725416
"Sussex County, Delaware",52.25859981163386,2.412880656590573,52.25859981163386
"District of Columbia, District of Columbia",68.24528866711658,3.7881968246882876,68.24528866711658
"Alachua County, Florida",59.90532849845337,2.3463877867934504,59.90532849845337
"Bay County, Florida",62.31966126562077,1.8918675435322583,62.31966126562077
"Brevard County, Florida",54.10745221179019,2.8987485863250355,54.10745221179019
"Broward County, Florida",63.731379256870504,2.8064937418608693,63.731379256870504
"Charlotte County, Florida",41.73334273578918,1.550862765732388,41.73334273578918
"Citrus County, Florida",38.253603740696676,2.5170849127078547,38.253603740696676
"Clay County, Florida",59.1769889788646,2.1823555143018702,59.1769889788646
"Collier County, Florida",49.784722962212044,1.0333297813822082,49.784722962212044
"Columbia County, Florida",50.863710669565364,4.3025431012690225,50.863710669565364
"Duval County, Florida",60.624150492035014,2.691724508720105,60.624150492035014
"Escambia County, Florida",55.772992665237865,2.6713345825992962,55.772992665237865
"Flagler County, Florida",47.371886027281825,2.0233141974333315,47.371886027281825
"Hernando County, Florida",48.268138325503976,3.013511928368347,48.268138325503976
"Highlands County, Florida",39.858140668146625,2.6758351832800913,39.858140668146625
"Hillsborough County, Florida",62.70125281027795,2.507225282792995,62.70125281027795
"Indian River County, Florida",46.105725384225636,0.9734842087485223,46.105725384225636
"Lake County, Florida",52.176013151836486,2.2004468686708902,52.176013151836486
"Lee County, Florida",50.919767756177784,1.9545592773635483,50.919767756177784
"Leon County, Florida",61.79062686782705,4.049549314645368,61.79062686782705
"Manatee County, Florida",53.1780573470758,2.1065781413426996,53.1780573470758
"Marion County, Florida",48.03324067334871,2.5886335136841554,48.03324067334871
"Martin County, Florida",49.00506046830774,2.505217714498099,49.00506046830774
"Miami-Dade County, Florida",62.43288473450082,2.4691029900332224,62.43288473450082
"Monroe County, Florida",57.66791938128474,1.01281251360332,57.66791938128474
"Nassau County, Florida",53.31897116059845,2.0257804968042183,53.31897116059845
"Okaloosa County, Florida",53.121129129402135,1.7369910337852426,53.121129129402135
"Orange County, Florida",65.17825617684217,2.803487311640827,65.17825617684217
"Osceola County, Florida",64.60827103409534,3.3311726661192975,64.60827103409534
"Palm Beach County, Florida",57.27342605550714,2.559633534805082,57.27342605550714
"Pasco County, Florida",55.76136028015696,2.4001672349843313,55.76136028015696
"Pinellas County, Florida",56.73342272485983,2.4151289766347803,56.73342272485983
"Polk County, Florida",57.00864650413809,2.1858338177419525,57.00864650413809
"Putnam County, Florida",45.88583183337619,2.0940473129339163,45.88583183337619
"St. Johns County, Florida",58.80412228257731,1.7154362312759135,58.80412228257731
"St. Lucie County, Florida",53.2812098638582,2.800218340611354,53.2812098638582
"Santa Rosa County, Florida",53.32280873662499,2.51622541992536,53.32280873662499
"Sarasota County, Florida",47.26929498690202,1.9825085603367427,47.26929498690202
"Seminole County, Florida",62.56313115473876,2.7696167597064543,62.56313115473876
"Sumter County, Florida",24.20648687685413,1.9767911129362288,24.20648687685413
"Volusia County, Florida",52.89977909290647,2.12421392730583,52.89977909290647
"Walton County, Florida",56.652535234993536,2.401875456229996,56.652535234993536
"Barrow County, Georgia",65.88131210017694,1.514904042466313,65.88131210017694
"Bartow County, Georgia",62.09159528270216,1.8366706013580099,62.09159528270216
"Bibb County, Georgia",53.361522543220744,4.15424223167294,53.361522543220744
"Bulloch County, Georgia",52.00074686889579,3.9339882799034815,52.00074686889579
"Carroll County, Georgia",60.58117123795404,2.2535211267605635,60.58117123795404
"Catoosa County, Georgia",61.1838452583505,2.607683352735739,61.1838452583505
"Chatham County, Georgia",59.5625772046037,2.4517583660807447,59.5625772046037
"Cherokee County, Georgia",65.39428205582976,2.1240055890330365,65.39428205582976
"Clarke County, Georgia",61.24531632800115,2.8219123793053753,61.24531632800115
"Clayton County, Georgia",62.87872184645422,4.295812704832299,62.87872184645422
"Cobb County, Georgia",69.10176613895247,2.409985459466463,69.10176613895247
"Columbia County, Georgia",57.185182910916325,2.5383399088131897,57.185182910916325
"Coweta County, Georgia",61.7410886011027,1.37036799589691,61.7410886011027
"DeKalb County, Georgia",64.80426883761588,3.6124320762963396,64.80426883761588
"Dougherty County, Georgia",49.78405725567621,6.371853405725568,49.78405725567621
"Douglas County, Georgia",64.86299261083744,3.6518199233716477,64.86299261083744
"Effingham County, Georgia",66.22881985731273,3.418549346016647,66.22881985731273
"Fayette County, Georgia",58.05553353416838,2.167234818455684,58.05553353416838
"Floyd County, Georgia",58.07455364424536,2.0677281339004527,58.07455364424536
"Forsyth County, Georgia",67.14067722034468,1.4159466012600754,67.14067722034468
"Fulton County, Georgia",67.25771769286601,3.1226894404460697,67.25771769286601
"Glynn County, Georgia",52.83913006685283,1.911088544751911,52.83913006685283
"Gwinnett County, Georgia",66.62175221364089,2.875048777357878,66.62175221364089
"Hall County, Georgia",60.806650246305416,1.5928524955850916,60.806650246305416
"Henry County, Georgia",65.25225610215932,3.6821598250421057,65.25225610215932
"Houston County, Georgia",58.14509897164596,4.936693812043036,58.14509897164596
"Jackson County, Georgia",66.40201196063809,1.3700633124241495,66.40201196063809
"Liberty County, Georgia",46.36617011052378,5.666506487265738,46.36617011052378
"Lowndes County, Georgia",54.465627049787344,2.726349421298745,54.465627049787344
"Muscogee County, Georgia",51.67966692265218,3.563699138746263,51.67966692265218
"Newton County, Georgia",62.07138379148027,3.726450680579316,62.07138379148027
"Paulding County, Georgia",65.47161817714591,2.4030614725349517,65.47161817714591
"Richmond County, Georgia",54.01407256697186,4.473671462481228,54.01407256697186
"Rockdale County, Georgia",58.728955147153314,3.741164374759028,58.728955147153314
"Spalding County, Georgia",54.12914522584333,1.7224128073184675,54.12914522584333
"Troup County, Georgia",59.779165697310255,4.1965675835286955,59.779165697310255
"Walker County, Georgia",52.5211355343953,1.705081427427249,52.5211355343953
"Walton County, Georgia",59.4061036730276,3.7177345349302335,59.4061036730276
"Whitfield County, Georgia",61.886792452830186,1.7212416311625078,61.886792452830186
"Hawaii County, Hawaii",51.729964309852136,2.255830774156064,51.729964309852136
"Honolulu County, Hawaii",57.010041091234896,2.0874347329069733,57.010041091234896
"Kauai County, Hawaii",62.87559018335308,1.9736732344550294,62.87559018335308
"Maui County, Hawaii",60.61880801789683,1.891504210362024,60.61880801789683
"Ada County, Idaho",63.26263800116212,2.035575715544226,63.26263800116212
"Bannock County, Idaho",60.035979375602025,1.4660887302396737,60.035979375602025
"Bonneville County, Idaho",63.812690495982274,1.2191742865059574,63.812690495982274
"Canyon County, Idaho",64.136846244593,2.5121752019117336,64.136846244593
"Kootenai County, Idaho",57.62045495856363,2.406742919463313,57.62045495856363
"Twin Falls County, Idaho",63.842556297477756,1.7058203346760024,63.842556297477756
"Champaign County, Illinois",57.35725214019598,2.037419852142532,57.35725214019598
"Cook County, Illinois",63.17217604341517,3.757691423381927,63.17217604341517
"DeKalb County, Illinois",65.40075612053883,3.3205681915505365,65.40075612053883
"DuPage County, Illinois",65.08970208514884,2.698380515157578,65.08970208514884
"Kane County, Illinois",66.24413397465293,2.591295354986,66.24413397465293
"Kankakee County, Illinois",59.556763978576534,2.0802325172571403,59.556763978576534
"Kendall County, Illinois",70.4000297627352,2.7902564245654173,70.4000297627352
"Lake County, Illinois",63.590770203350544,2.9872159589786818,63.590770203350544
"LaSalle County, Illinois",57.8556488865525,3.1843144272819797,57.8556488865525
"McHenry County, Illinois",68.05498832271341,2.035694035265802,68.05498832271341
"McLean County, Illinois",63.92347512297106,1.6775616287311963,63.92347512297106
"Macon County, Illinois",55.379754677239504,3.523726923553463,55.379754677239504
"Madison County, Illinois",61.07308487455998,2.1986925182991564,61.07308487455998
"Peoria County, Illinois",58.10614672929939,4.086856423786134,58.10614672929939
"Rock Island County, Illinois",57.943974352236296,1.8631418510537658,57.943974352236296
"St. Clair County, Illinois",56.54534146038065,2.7301903221793755,56.54534146038065
"Sangamon County, Illinois",59.49261522790934,2.776928953399542,59.49261522790934
"Tazewell County, Illinois",62.26460048795365,2.348276913693199,62.26460048795365
"Vermilion County, Illinois",49.23854293209388,4.2183841264811,49.23854293209388
"Will County, Illinois",66.07756900104,2.548639490486905,66.07756900104
"Williamson County, Illinois",55.20725580020689,2.364415546032215,55.20725580020689
"Winnebago County, Illinois",59.395763886707975,3.537571839402763,59.395763886707975
"Allen County, Indiana",63.573736113334135,2.880390933530194,63.573736113334135
"Bartholomew County, Indiana",64.84391399526194,2.334542837436651,64.84391399526194
"Boone County, Indiana",68.7127836945796,0.5393174316921298,68.7127836945796
"Clark County, Indiana",63.57046296114888,2.4480319742951746,63.57046296114888
"Delaware County, Indiana",59.03906895893838,2.3085239437814002,59.03906895893838
"Elkhart County, Indiana",63.59068588626643,1.7715824489149374,63.59068588626643
"Floyd County, Indiana",62.67955758845937,1.8693876302222765,62.67955758845937
"Grant County, Indiana",52.61655918760655,2.3867763694314728,52.61655918760655
"Hamilton County, Indiana",69.3237721143353,1.7247374164741684,69.3237721143353
"Hancock County, Indiana",65.14220216347876,1.2078229099505695,65.14220216347876
"Hendricks County, Indiana",65.88232890426539,1.8504014765073247,65.88232890426539
"Howard County, Indiana",56.78240079394915,2.9818203690059093,56.78240079394915
"Johnson County, Indiana",66.5207462426123,1.8534675700076626,66.5207462426123
"Kosciusko County, Indiana",63.33859261596718,1.5777847901546227,63.33859261596718
"Lake County, Indiana",58.35036890090971,2.967339603094382,58.35036890090971
"LaPorte County, Indiana",53.588689791221434,1.936544468190038,53.588689791221434
"Madison County, Indiana",57.47965379149981,2.6916049975086276,57.47965379149981
"Marion County, Indiana",66.9154736836522,3.0053094153278206,66.9154736836522
"Monroe County, Indiana",58.75299960005332,2.8954472736968406,58.75299960005332
"Morgan County, Indiana",60.37108232344338,2.425407438361889,60.37108232344338
"Porter County, Indiana",61.66948927176789,2.4269738407490866,61.66948927176789
"St. Joseph County, Indiana",60.691803670382384,3.151162042695535,60.691803670382384
"Tippecanoe County, Indiana",63.66539364694346,1.826955332490388,63.66539364694346
"Vanderburgh County, Indiana",60.51881551615864,2.4049907871945457,60.51881551615864
"Vigo County, Indiana",52.93374814882845,3.758595750054531,52.93374814882845
"Warrick County, Indiana",61.94601547279021,1.878298371384796,61.94601547279021
"Wayne County, Indiana",54.33371160679405,4.8164753595148175,54.33371160679405
"Black Hawk County, Iowa",62.86783563517544,2.257831645737951,62.86783563517544
"Dallas County, Iowa",71.88157199083592,1.6789050108676498,71.88157199083592
"Dubuque County, Iowa",65.62760607515605,1.5048899446564403,65.62760607515605
"Johnson County, Iowa",67.82849878654802,1.5162371431873338,67.82849878654802
"Linn County, Iowa",63.971412935700776,2.0914721037716935,63.971412935700776
"Polk County, Iowa",69.29691007642663,2.3369443894021065,69.29691007642663
"Pottawattamie County, Iowa",63.74566287420318,2.210925522472363,63.74566287420318
"Scott County, Iowa",64.40163151956956,2.184760912956695,64.40163151956956
"Story County, Iowa",63.31110267242607,2.0838277875350073,63.31110267242607
"Woodbury County, Iowa",62.44017403915881,1.695673193135122,62.44017403915881
"Butler County, Kansas",59.5435187404362,1.154108515698457,59.5435187404362
"Douglas County, Kansas",63.56421639885279,3.492712057517778,63.56421639885279
"Johnson County, Kansas",69.80979889693015,1.660639072488022,69.80979889693015
"Leavenworth County, Kansas",55.25076950932464,1.451505824129398,55.25076950932464
"Riley County, Kansas",56.440369380156476,2.42098184263618,56.440369380156476
"Sedgwick County, Kansas",63.32181691314713,2.3745953908475954,63.32181691314713
"Shawnee County, Kansas",58.53966738506251,2.322969244701538,58.53966738506251
"Wyandotte County, Kansas",62.09282487125209,3.285836150516571,62.09282487125209
"Boone County, Kentucky",65.91403120924252,2.1136075627376076,65.91403120924252
"Bullitt County, Kentucky",64.51027811366384,2.4845972246214085,64.51027811366384
"Campbell County, Kentucky",65.90627899783483,1.9589648417362615,65.90627899783483
"Christian County, Kentucky",44.89096928873159,3.676218746432241,44.89096928873159
"Daviess County, Kentucky",62.23705208182214,2.6488224769089417,62.23705208182214
"Fayette County, Kentucky",65.53882029129554,2.8537023586528534,65.53882029129554
"Hardin County, Kentucky",58.10687332904667,2.753618283754667,58.10687332904667
"Jefferson County, Kentucky",60.584637881861894,2.8544312684908557,60.584637881861894
"Kenton County, Kentucky",65.20656678821962,2.1000834761214358,65.20656678821962
"McCracken County, Kentucky",60.9968237553553,0.7792879302703501,60.9968237553553
"Madison County, Kentucky",62.97471542258487,2.2665457842248413,62.97471542258487
"Oldham County, Kentucky",61.913682541969884,1.5436991137690035,61.913682541969884
"Pulaski County, Kentucky",49.024581297325525,2.1709127531799024,49.024581297325525
"Warren County, Kentucky",65.25715199829365,2.6546155828689755,65.25715199829365
"Ascension Parish, Louisiana",65.82619820883771,2.4977856510186003,65.82619820883771
"Bossier Parish, Louisiana",58.143796806276505,2.4903910924436343,58.143796806276505
"Caddo Parish, Louisiana",52.905222522962234,3.224142521187381,52.905222522962234
"Calcasieu Parish, Louisiana",58.08898413630656,2.0437235631142574,58.08898413630656
"East Baton Rouge Parish, Louisiana",58.64181232507789,3.7565000847686094,58.64181232507789
"Iberia Parish, Louisiana",51.4202545613668,4.379673141682997,51.4202545613668
"Jefferson Parish, Louisiana",58.75858692221701,3.192904525518165,58.75858692221701
"Lafayette Parish, Louisiana",62.68722399332722,2.164045829260929,62.68722399332722
"Lafourche Parish, Louisiana",53.86789258458573,1.5263199020654807,53.86789258458573
"Livingston Parish, Louisiana",60.20642598030748,1.875971670409397,60.20642598030748
"Orleans Parish, Louisiana",58.146114991083266,3.247553292884209,58.146114991083266
"Ouachita Parish, Louisiana",55.79926939608247,4.220729474948995,55.79926939608247
"Rapides Parish, Louisiana",52.94277874177797,2.5231023768209515,52.94277874177797
"St. Landry Parish, Louisiana",48.6657461224752,1.400083491217366,48.6657461224752
"St. Tammany Parish, Louisiana",59.712102606085416,2.8685132123527537,59.712102606085416
"Tangipahoa Parish, Louisiana",56.70525361983838,3.532000665717403,56.70525361983838
"Terrebonne Parish, Louisiana",56.414223269976915,1.4242915377437257,56.414223269976915
"Androscoggin County, Maine",60.52381308571001,2.6030368763557483,60.52381308571001
"Aroostook County, Maine",54.621714610009576,1.7663959138793317,54.621714610009576
"Cumberland County, Maine",67.72582338902147,1.5537947494033413,67.72582338902147
"Kennebec County, Maine",58.454033346228975,3.043999282876796,58.454033346228975
"Penobscot County, Maine",56.853371657652886,1.4386747853712039,56.853371657652886
"York County, Maine",62.9418496569436,1.8659904040919617,62.9418496569436
"Allegany County, Maryland",47.41275571600481,2.35895802364267,47.41275571600481
"Anne Arundel County, Maryland",64.96180126572703,2.2524226149954196,64.96180126572703
"Baltimore County, Maryland",63.247161610460815,2.5643356079540873,63.247161610460815
"Calvert County, Maryland",68.47112297345507,2.0268752560020085,68.47112297345507
"Carroll County, Maryland",66.3547414727625,1.707195960358924,66.3547414727625
"Cecil County, Maryland",60.265825160715124,2.108066256862653,60.265825160715124
"Charles County, Maryland",64.72796867695185,3.97674146797569,64.72796867695185
"Frederick County, Maryland",67.51878727848238,1.2975603453844664,67.51878727848238
"Harford County, Maryland",63.452541990756394,2.999004246045166,63.452541990756394
"Howard County, Maryland",66.39921413949024,1.8146778946736954,66.39921413949024
"Montgomery County, Maryland",66.8857304831465,2.708911096470189,66.8857304831465
"Prince George's County, Maryland",65.88608910638665,3.7140081661896738,65.88608910638665
"St. Mary's County, Maryland",62.72454759858053,1.7644206396438096,62.72454759858053
"Washington County, Maryland",58.079291244363795,2.157805900485764,58.079291244363795
"Wicomico County, Maryland",62.57612236227163,1.9827219940518341,62.57612236227163
"Baltimore city, Maryland",60.791061355171735,3.235902685513907,60.791061355171735
"Barnstable County, Massachusetts",55.47526159284776,1.857882941167854,55.47526159284776
"Berkshire County, Massachusetts",57.72591577667481,2.9508107470487355,57.72591577667481
"Bristol County, Massachusetts",62.50716698124658,2.913247092402791,62.50716698124658
"Essex County, Massachusetts",64.54844405175287,2.755006189415722,64.54844405175287
"Franklin County, Massachusetts",59.41886073036847,3.2524734575814356,59.41886073036847
"Hampden County, Massachusetts",57.88827973258363,2.3675835808674868,57.88827973258363
"Hampshire County, Massachusetts",58.850424559111694,2.4841005190965655,58.850424559111694
"Middlesex County, Massachusetts",67.6637343036107,2.3688288523191248,67.6637343036107
"Norfolk County, Massachusetts",66.63661001070665,2.8300655781584583,66.63661001070665
"Plymouth County, Massachusetts",63.45217916850328,2.920326636705277,63.45217916850328
"Suffolk County, Massachusetts",67.96054078236013,2.9871931939673804,67.96054078236013
"Worcester County, Massachusetts",63.48499420829092,2.6118150865246235,63.48499420829092
"Allegan County, Michigan",61.73655517297918,1.3496064928676832,61.73655517297918
"Bay County, Michigan",54.82095287489097,2.5790329805040195,54.82095287489097
"Berrien County, Michigan",56.51223530357215,2.5507292964198176,56.51223530357215
"Calhoun County, Michigan",56.37149627874255,3.865664457362906,56.37149627874255
"Clinton County, Michigan",64.43696083406375,1.233257984653473,64.43696083406375
"Eaton County, Michigan",60.73105411189924,1.9486558868681436,60.73105411189924
"Genesee County, Michigan",55.57776864534828,4.136784567704776,55.57776864534828
"Grand Traverse County, Michigan",62.00909620413171,1.8650936264607836,62.00909620413171
"Ingham County, Michigan",60.741425214026826,3.818517065184829,60.741425214026826
"Ionia County, Michigan",55.54088216428329,2.4883975399011433,55.54088216428329
"Jackson County, Michigan",53.42189300156964,2.5647766548879214,53.42189300156964
"Kalamazoo County, Michigan",64.4806767820927,1.9567340193795537,64.4806767820927
"Kent County, Michigan",67.25325840350095,2.38629999145648,67.25325840350095
"Lapeer County, Michigan",58.2637568543165,2.590173872309939,58.2637568543165
"Lenawee County, Michigan",56.55657149965789,1.664489643590222,56.55657149965789
"Livingston County, Michigan",62.38309004599635,1.2742647645834229,62.38309004599635
"Macomb County, Michigan",61.74336869288394,2.395952759937221,61.74336869288394
"Marquette County, Michigan",55.269697924323566,2.4694599040918477,55.269697924323566
"Midland County, Michigan",57.37707292345572,2.5128539358389457,57.37707292345572
"Monroe County, Michigan",58.39992486440373,1.121555306842818,58.39992486440373
"Montcalm County, Michigan",57.22436892853273,1.4409013758983065,57.22436892853273
"Muskegon County, Michigan",56.550746802674325,2.868648318729348,56.550746802674325
"Oakland County, Michigan",64.15678169868787,2.526105475279947,64.15678169868787
"Ottawa County, Michigan",65.60846124676438,1.627289664155112,65.60846124676438
"Saginaw County, Michigan",55.10524456770581,3.661647545165553,55.10524456770581
"St. Clair County, Michigan",58.20732705069543,3.312778400654526,58.20732705069543
"Shiawassee County, Michigan",56.182498663339864,2.603813936909642,56.182498663339864
"Van Buren County, Michigan",54.64160005263331,2.0938188756209084,54.64160005263331
"Washtenaw County, Michigan",61.485748918990254,2.108254124455422,61.485748918990254
"Wayne County, Michigan",55.61062727245876,4.186114867274361,55.61062727245876
"Anoka County, Minnesota",68.31993395051703,2.21157490119647,68.31993395051703
"Blue Earth County, Minnesota",64.32720063993322,2.4710464994957047,64.32720063993322
"Carver County, Minnesota",72.84547616039329,1.3806411596466845,72.84547616039329
"Clay County, Minnesota",68.10878339419565,2.7657120891793197,68.10878339419565
"Crow Wing County, Minnesota",59.10118358992613,2.5754204858948118,59.10118358992613
"Dakota County, Minnesota",68.5995682447707,1.939503340019975,68.5995682447707
"Hennepin County, Minnesota",69.19316576850824,2.3851640289996454,69.19316576850824
"Olmsted County, Minnesota",67.06583149103415,2.096382952591501,67.06583149103415
"Ramsey County, Minnesota",67.03200391599263,2.2523950490664553,67.03200391599263
"Rice County, Minnesota",62.718850241026466,1.3010053222945004,62.718850241026466
"St. Louis County, Minnesota",61.48831028611769,1.89538877716279,61.48831028611769
"Scott County, Minnesota",72.10701516459129,1.896190358772038,72.10701516459129
"Sherburne County, Minnesota",68.99543436745121,1.1357169054876122,68.99543436745121
"Stearns County, Minnesota",65.74816690899426,2.212216437628004,65.74816690899426
"Washington County, Minnesota",66.42744625439511,1.8410944559541058,66.42744625439511
"Wright County, Minnesota",73.16382222992289,1.0040717317854977,73.16382222992289
"DeSoto County, Mississippi",66.30352299946551,1.530878209400384,66.30352299946551
"Forrest County, Mississippi",59.49258018190522,1.8477740545715653,59.49258018190522
"Harrison County, Mississippi",54.55990059380862,2.9547056644802083,54.55990059380862
"Hinds County, Mississippi",57.9137822529893,3.9886488124373587,57.9137822529893
"Jackson County, Mississippi",58.545256140291045,4.645393396363141,58.545256140291045
"Jones County, Mississippi",54.54459418534222,1.2038158691702,54.54459418534222
"Lamar County, Mississippi",58.178685792400884,1.69097956967098,58.178685792400884
"Lauderdale County, Mississippi",53.37142038433297,4.368071350538174,53.37142038433297
"Lee County, Mississippi",59.58922010238751,2.595046658569957,59.58922010238751
"Madison County, Mississippi",63.49490590381278,1.9519953730480049,63.49490590381278
"Rankin County, Mississippi",59.227206522660545,2.1901466519732127,59.227206522660545
"Boone County, Missouri",64.6619779880683,1.985831104710965,64.6619779880683
"Buchanan County, Missouri",57.80458854816173,1.5610679567889176,57.80458854816173
"Cape Girardeau County, Missouri",65.16037358831278,1.2610825772265064,65.16037358831278
"Cass County, Missouri",64.90408729672191,2.6360667432036293,64.90408729672191
"Christian County, Missouri",60.77247708928011,2.4051134268427594,60.77247708928011
"Clay County, Missouri",68.03094403481204,1.7560739755832226,68.03094403481204
"Cole County, Missouri",61.371703853955374,2.3960446247464504,61.371703853955374
"Franklin County, Missouri",62.44954139051783,2.6556554125172047,62.44954139051783
"Greene County, Missouri",63.04216843272251,1.6448821870707038,63.04216843272251
"Jackson County, Missouri",64.77850741683336,2.3032505594481276,64.77850741683336
"Jasper County, Missouri",62.94219417870954,2.4028088744148177,62.94219417870954
"Jefferson County, Missouri",64.86238140011967,2.2245491067612617,64.86238140011967
"Platte County, Missouri",66.31323296265896,1.6719700462124873,66.31323296265896
"St. Charles County, Missouri",68.10451724558341,1.5192289964881396,68.10451724558341
"St. Francois County, Missouri",52.404360681311104,2.8859583885069564,52.404360681311104
"St. Louis County, Missouri",63.80817834359773,2.708648546332707,63.80817834359773
"St. Louis city, Missouri",65.63772577391656,3.230846328449724,65.63772577391656
"Cascade County, Montana",56.950594267070606,1.3036005593101843,56.950594267070606
"Flathead County, Montana",62.79829514722744,1.3305640293373142,62.79829514722744
"Gallatin County, Montana",70.6992542410944,1.7479016758521957,70.6992542410944
"Lewis and Clark County, Montana",57.64165191548793,1.1546518992480959,57.64165191548793
"Missoula County, Montana",67.08784713474545,1.5852405961124785,67.08784713474545
"Yellowstone County, Montana",64.08874755237548,2.070727146916361,64.08874755237548
"Douglas County, Nebraska",68.48138720275003,2.0610055914539958,68.48138720275003
"Lancaster County, Nebraska",66.66450848735751,1.9572147299546403,66.66450848735751
"Sarpy County, Nebraska",70.23526353415221,1.4655228439591863,70.23526353415221
"Clark County, Nevada",60.487566901005586,3.108062868935474,60.487566901005586
"Washoe County, Nevada",62.5500413039334,2.4261783841119167,62.5500413039334
"Belknap County, New Hampshire",60.498437892771214,0.6194563148633605,60.498437892771214
"Cheshire County, New Hampshire",64.83975567453435,1.7132946233315738,64.83975567453435
"Grafton County, New Hampshire",59.39519737496271,2.066968280799443,59.39519737496271
"Hillsborough County, New Hampshire",69.36824757370445,1.4632428549293592,69.36824757370445
"Merrimack County, New Hampshire",63.55893743192546,1.6814413651216265,63.55893743192546
"Rockingham County, New Hampshire",64.91747700103039,2.0341762287968153,64.91747700103039
"Strafford County, New Hampshire",64.27169878027222,2.1813682163691004,64.27169878027222
"Atlantic County, New Jersey",60.06044905008635,4.088545839787761,60.06044905008635
"Bergen County, New Jersey",64.78674512690363,2.7539186609634,64.78674512690363
"Burlington County, New Jersey",63.42314773994451,2.70247140893649,63.42314773994451
"Camden County, New Jersey",63.56851281491104,3.234539112015597,63.56851281491104
"Cape May County, New Jersey",55.60691917685655,2.7475395168505816,55.60691917685655
"Cumberland County, New Jersey",56.3555718597322,3.7334711777359058,56.3555718597322
"Essex County, New Jersey",62.74585775890116,4.577316904366138,62.74585775890116
"Gloucester County, New Jersey",63.993911186202936,2.714463323663489,63.993911186202936
"Hudson County, New Jersey",68.12793258970956,3.152989975328905,68.12793258970956
"Hunterdon County, New Jersey",63.57564318698233,2.160448581690244,63.57564318698233
"Mercer County, New Jersey",61.29242354527015,3.847200710272379,61.29242354527015
"Middlesex County, New Jersey",63.46818849909419,3.6205236592341086,63.46818849909419
"Monmouth County, New Jersey",63.75285207881694,2.753168818409588,63.75285207881694
"Morris County, New Jersey",66.98834107910159,2.6695660001042247,66.98834107910159
"Ocean County, New Jersey",56.362614714498186,2.039565327585902,56.362614714498186
"Passaic County, New Jersey",62.72882950834977,3.0207583467029635,62.72882950834977
"Salem County, New Jersey",58.915594246782746,2.6362604087812262,58.915594246782746
"Somerset County, New Jersey",67.19746333840294,2.660145948736553,67.19746333840294
"Sussex County, New Jersey",65.77766802485904,2.538585010495123,65.77766802485904
"Union County, New Jersey",66.93977706620892,3.7938357596364396,66.93977706620892
"Warren County, New Jersey",67.19723257969265,2.7156928249671317,67.19723257969265
"Bernalillo County, New Mexico",59.87112956858455,2.729274928385323,59.87112956858455
"Do√±a Ana County, New Mexico",54.74885543229442,3.268070963197746,54.74885543229442
"Lea County, New Mexico",62.92523295370507,1.318222156485727,62.92523295370507
"McKinley County, New Mexico",42.79256274943729,5.22234201516957,42.79256274943729
"Otero County, New Mexico",51.39156341968535,2.6977437052646875,51.39156341968535
"Sandoval County, New Mexico",53.92973588555561,2.5257016271197017,53.92973588555561
"San Juan County, New Mexico",52.85113505153547,3.4162773699431153,52.85113505153547
"Santa Fe County, New Mexico",54.220090193651075,2.6453856810210157,54.220090193651075
"Valencia County, New Mexico",52.0862120995537,2.916090913422595,52.0862120995537
"Albany County, New York",61.120794023831216,2.7995487137968387,61.120794023831216
"Bronx County, New York",53.766711220528464,5.514597103779814,53.766711220528464
"Broome County, New York",53.72149807456359,2.7527059366610382,53.72149807456359
"Cattaraugus County, New York",51.296608367009696,2.6913826671684036,51.296608367009696
"Cayuga County, New York",57.56991477364788,1.693185132376292,57.56991477364788
"Chautauqua County, New York",53.65872698353841,3.5313863057542374,53.65872698353841
"Chemung County, New York",56.690236605928746,3.3405856223370503,56.690236605928746
"Clinton County, New York",55.76209873540856,1.016840953307393,55.76209873540856
"Dutchess County, New York",59.943404058304196,2.551606877724029,59.943404058304196
"Erie County, New York",60.316273380666416,2.147976266648165,60.316273380666416
"Jefferson County, New York",51.83580743231957,2.510106128267091,51.83580743231957
"Kings County, New York",61.13077083069709,3.7803871146658596,61.13077083069709
"Madison County, New York",56.807735822373076,2.4360062225993495,56.807735822373076
"Monroe County, New York",60.563240785841856,2.7497970449748337,60.563240785841856
"Nassau County, New York",60.82867851077703,2.5422937221944966,60.82867851077703
"New York County, New York",62.98386941917534,4.734842154148356,62.98386941917534
"Niagara County, New York",58.36670669554876,2.683275779844979,58.36670669554876
"Oneida County, New York",55.581181311244656,2.585133452438958,55.581181311244656
"Onondaga County, New York",61.37650634740698,2.343657959980836,61.37650634740698
"Ontario County, New York",58.62961666189218,1.4811513936191658,58.62961666189218
"Orange County, New York",60.568180381147485,3.2414608546100636,60.568180381147485
"Oswego County, New York",54.272048625275346,3.2002121236844254,54.272048625275346
"Putnam County, New York",64.21071774975752,1.7204170708050435,64.21071774975752
"Queens County, New York",60.38021620788165,3.18872361111706,60.38021620788165
"Rensselaer County, New York",61.113282424388196,2.967350129276652,61.113282424388196
"Richmond County, New York",56.734895178774394,2.7077773494024164,56.734895178774394
"Rockland County, New York",60.89716631621107,1.9589466306198056,60.89716631621107
"St. Lawrence County, New York",50.766910862788784,1.552952297356605,50.766910862788784
"Saratoga County, New York",62.53610266971394,1.5566215435617954,62.53610266971394
"Schenectady County, New York",57.74814288582416,2.7227378727741653,57.74814288582416
"Steuben County, New York",55.36711148918071,2.3007602743367537,55.36711148918071
"Suffolk County, New York",62.22217774700093,2.331773587322427,62.22217774700093
"Sullivan County, New York",56.264662303988146,2.1345227805901965,56.264662303988146
"Tompkins County, New York",56.889544411668304,2.775046432863542,56.889544411668304
"Ulster County, New York",56.33678388292458,2.7809253106454896,56.33678388292458
"Warren County, New York",61.7377856898815,1.6004027980075886,61.7377856898815
"Wayne County, New York",59.28165388534349,1.2388051697323967,59.28165388534349
"Westchester County, New York",62.52732081864904,3.4960769156678873,62.52732081864904
"Alamance County, North Carolina",62.480268693457205,2.976906548359955,62.480268693457205
"Brunswick County, North Carolina",46.623096770535035,2.4178457001899685,46.623096770535035
"Buncombe County, North Carolina",57.15847974950127,1.855672745447322,57.15847974950127
"Burke County, North Carolina",54.967793880837355,2.262479871175523,54.967793880837355
"Cabarrus County, North Carolina",68.23340551034123,2.8933024714403044,68.23340551034123
"Caldwell County, North Carolina",59.55593610676429,1.3773657326758983,59.55593610676429
"Carteret County, North Carolina",54.45147126286126,1.6252703322629267,54.45147126286126
"Catawba County, North Carolina",60.84276813827293,1.386748844375963,60.84276813827293
"Chatham County, North Carolina",55.79126439455624,1.8872862626497615,55.79126439455624
"Cleveland County, North Carolina",57.286438373099266,1.8185189763876868,57.286438373099266
"Craven County, North Carolina",48.8239702185264,3.407222974279636,48.8239702185264
"Cumberland County, North Carolina",49.66635108722209,3.4437606889811874,49.66635108722209
"Davidson County, North Carolina",58.629093786204756,2.415298539094069,58.629093786204756
"Durham County, North Carolina",66.85958749758551,2.1133058140949057,66.85958749758551
"Forsyth County, North Carolina",59.329921481093265,2.9904748073334826,59.329921481093265
"Franklin County, North Carolina",59.91449969464176,1.7710777538491211,59.91449969464176
"Gaston County, North Carolina",61.63981890924405,1.9393556538218573,61.63981890924405
"Guilford County, North Carolina",61.652298947872154,2.245336981131224,61.652298947872154
"Harnett County, North Carolina",50.72999751607651,2.761754937947911,50.72999751607651
"Henderson County, North Carolina",52.30604537750156,1.3460604438629358,52.30604537750156
"Iredell County, North Carolina",64.21689669542286,2.0743016725029078,64.21689669542286
"Johnston County, North Carolina",63.88642974579487,2.757050714556722,63.88642974579487
"Lee County, North Carolina",57.362703681351846,2.1990042245021124,57.362703681351846
"Lincoln County, North Carolina",60.33387746773453,1.2612865377748304,60.33387746773453
"Mecklenburg County, North Carolina",69.18714170908117,2.430538440932226,69.18714170908117
"Moore County, North Carolina",48.45399086080119,1.7570921574540141,48.45399086080119
"Nash County, North Carolina",57.06721292467051,1.9415349334570144,57.06721292467051
"New Hanover County, North Carolina",63.00537220280066,2.462917975153562,63.00537220280066
"Onslow County, North Carolina",45.22822578212206,2.190846833800947,45.22822578212206
"Orange County, North Carolina",61.606975142445684,1.7625696575042265,61.606975142445684
"Pender County, North Carolina",59.36099675762323,3.41178184997632,59.36099675762323
"Pitt County, North Carolina",57.71679688871105,4.895787264213859,57.71679688871105
"Randolph County, North Carolina",57.797189326811946,3.097938057988978,57.797189326811946
"Robeson County, North Carolina",47.42792663229861,2.3530322809035997,47.42792663229861
"Rockingham County, North Carolina",55.8074807336318,3.7364282057004816,55.8074807336318
"Rowan County, North Carolina",58.21543212384705,3.1343708098004956,58.21543212384705
"Rutherford County, North Carolina",55.68913933297846,3.4397312824654467,55.68913933297846
"Stanly County, North Carolina",55.17273681055156,1.4144934052757794,55.17273681055156
"Surry County, North Carolina",53.422667373134836,2.409968038012545,53.422667373134836
"Union County, North Carolina",64.91241181394236,2.178743672525808,64.91241181394236
"Wake County, North Carolina",67.8945156103866,2.3869021973287374,67.8945156103866
"Wayne County, North Carolina",52.586988764284726,4.576446611679595,52.586988764284726
"Wilkes County, North Carolina",53.78840085597185,3.001341989771862,53.78840085597185
"Wilson County, North Carolina",52.935064935064936,3.6143250688705235,52.935064935064936
"Burleigh County, North Dakota",64.66080685147622,1.5238023689680213,64.66080685147622
"Cass County, North Dakota",72.28631810142826,2.7282072237155464,72.28631810142826
"Grand Forks County, North Dakota",67.26112729830201,2.2338323453565088,67.26112729830201
"Ward County, North Dakota",59.357581483230994,0.9844119036372225,59.357581483230994
"Allen County, Ohio",59.90245122561281,3.265382691345673,59.90245122561281
"Ashtabula County, Ohio",55.31477867926466,2.4417171613433295,55.31477867926466
"Belmont County, Ohio",53.99783355059027,2.5079405878788994,53.99783355059027
"Butler County, Ohio",61.2400522019499,2.164525704342486,61.2400522019499
"Clark County, Ohio",54.176822512740976,3.197244995937661,54.176822512740976
"Clermont County, Ohio",62.770864715639675,1.641746429011025,62.770864715639675
"Columbiana County, Ohio",53.881614674470526,2.2240994388463164,53.881614674470526
"Cuyahoga County, Ohio",60.52708462056263,3.6948827329991967,60.52708462056263
"Delaware County, Ohio",67.55449141347424,1.7596873623954208,67.55449141347424
"Erie County, Ohio",58.38143709653816,2.121985723345095,58.38143709653816
"Fairfield County, Ohio",61.30608213349542,1.4762755005128594,61.30608213349542
"Franklin County, Ohio",67.18179536327126,2.7414582572715105,67.18179536327126
"Geauga County, Ohio",61.3446790900979,1.9501597113556715,61.3446790900979
"Greene County, Ohio",60.385482286308736,1.6702305958504304,60.385482286308736
"Hamilton County, Ohio",63.79962192816635,2.85159468760603,63.79962192816635
"Hancock County, Ohio",63.748252203037104,1.175495073651351,63.748252203037104
"Lake County, Ohio",63.73036792114416,2.409137462243503,63.73036792114416
"Licking County, Ohio",61.91564159577868,2.1113400379429224,61.91564159577868
"Lorain County, Ohio",60.87534338397399,2.3057580019605335,60.87534338397399
"Lucas County, Ohio",59.316091497616085,3.6586693020615493,59.316091497616085
"Mahoning County, Ohio",54.74548937690085,2.473672247897568,54.74548937690085
"Marion County, Ohio",51.56480326567638,2.8952640133046077,51.56480326567638
"Medina County, Ohio",62.525929471836605,1.83567363438115,62.525929471836605
"Miami County, Ohio",57.38008630622896,2.8004337904701653,57.38008630622896
"Montgomery County, Ohio",60.04264898627177,3.2259115871615376,60.04264898627177
"Muskingum County, Ohio",54.16914011032765,2.7770136244516195,54.16914011032765
"Portage County, Ohio",61.72185430463576,1.7495087693763192,61.72185430463576
"Richland County, Ohio",52.552567285143795,3.617649656092703,52.552567285143795
"Ross County, Ohio",50.38721932687156,1.9726267595343627,50.38721932687156
"Scioto County, Ohio",51.81294939454493,3.629314614609486,51.81294939454493
"Stark County, Ohio",59.4763310194727,1.8786789559597026,59.4763310194727
"Summit County, Ohio",62.287917095432476,3.0201014499667207,62.287917095432476
"Trumbull County, Ohio",54.01819167666822,2.0141220048616737,54.01819167666822
"Tuscarawas County, Ohio",57.75489102337351,1.8638948600038094,57.75489102337351
"Union County, Ohio",70.2010340962505,0.3633799761362404,70.2010340962505
"Warren County, Ohio",65.94344355531713,2.129931800457975,65.94344355531713
"Wayne County, Ohio",62.5466692866968,1.4552084015632847,62.5466692866968
"Wood County, Ohio",61.940421631530704,2.175068744271311,61.940421631530704
"Canadian County, Oklahoma",64.33517089305403,1.8610804851157663,64.33517089305403
"Cleveland County, Oklahoma",60.67556313691096,2.3285847048836716,60.67556313691096
"Comanche County, Oklahoma",45.483618121962685,3.873125359251711,45.483618121962685
"Creek County, Oklahoma",55.63013814730062,1.7865920840749216,55.63013814730062
"Muskogee County, Oklahoma",48.996359061362206,3.0500009531252976,48.996359061362206
"Oklahoma County, Oklahoma",61.717018676684496,3.393443484827484,61.717018676684496
"Payne County, Oklahoma",55.77095052646762,2.1347180152891965,55.77095052646762
"Pottawatomie County, Oklahoma",52.29967050511226,1.4351710316247155,52.29967050511226
"Rogers County, Oklahoma",58.47215463132807,2.067657445188984,58.47215463132807
"Tulsa County, Oklahoma",62.34885496470305,3.223737903695931,62.34885496470305
"Wagoner County, Oklahoma",61.265223274695536,2.513249887235002,61.265223274695536
"Benton County, Oregon",58.36793111197852,3.39827070248276,58.36793111197852
"Clackamas County, Oregon",63.02945930864681,1.6495717153820046,63.02945930864681
"Deschutes County, Oregon",61.89394851680458,2.0379959515330843,61.89394851680458
"Douglas County, Oregon",48.628279211381155,2.032655424166729,48.628279211381155
"Jackson County, Oregon",54.77686695585721,2.4625179369608605,54.77686695585721
"Josephine County, Oregon",44.9863868328522,2.9825833549958274,44.9863868328522
"Klamath County, Oregon",46.65435031230756,3.50488255476379,46.65435031230756
"Lane County, Oregon",56.709713469717194,3.3536150001552167,56.709713469717194
"Linn County, Oregon",57.794501323336874,2.2812255700709234,57.794501323336874
"Marion County, Oregon",60.3409823245306,2.9203264277593934,60.3409823245306
"Multnomah County, Oregon",66.86984571603108,2.6689413184537334,66.86984571603108
"Polk County, Oregon",55.68259807285805,4.338814615532435,55.68259807285805
"Umatilla County, Oregon",54.24843801639886,1.589524873703593,54.24843801639886
"Washington County, Oregon",67.33842220419402,2.5051011628192836,67.33842220419402
"Yamhill County, Oregon",54.07025118621961,3.5024399019541708,54.07025118621961
"Adams County, Pennsylvania",62.03507506424417,1.999458996438393,62.03507506424417
"Allegheny County, Pennsylvania",62.47652590166363,2.5483101085533915,62.47652590166363
"Armstrong County, Pennsylvania",54.96257667560825,1.6470014444090118,54.96257667560825
"Beaver County, Pennsylvania",60.58143078999695,1.8984310367349309,60.58143078999695
"Berks County, Pennsylvania",60.71340061700437,3.2001048280734143,60.71340061700437
"Blair County, Pennsylvania",56.25840914111292,1.9900797236781331,56.25840914111292
"Bucks County, Pennsylvania",62.777440533447894,2.257814469960869,62.777440533447894
"Butler County, Pennsylvania",59.511499484192,2.5135020328903455,59.511499484192
"Cambria County, Pennsylvania",54.17190929713546,2.1426668993323106,54.17190929713546
"Carbon County, Pennsylvania",55.687390944990355,3.6238405730553773,55.687390944990355
"Centre County, Pennsylvania",53.71691866319884,1.9930305511080844,53.71691866319884
"Chester County, Pennsylvania",66.28410193657986,2.0336217696588292,66.28410193657986
"Clearfield County, Pennsylvania",54.21425273203017,1.970140064645221,54.21425273203017
"Columbia County, Pennsylvania",59.51203783319002,3.571940384064202,59.51203783319002
"Crawford County, Pennsylvania",55.147189744198464,1.630660573327794,55.147189744198464
"Cumberland County, Pennsylvania",63.540353872770226,1.780204987826307,63.540353872770226
"Dauphin County, Pennsylvania",62.53159760052021,2.8701602380532,62.53159760052021
"Delaware County, Pennsylvania",60.5914559825964,3.7885513692225343,60.5914559825964
"Erie County, Pennsylvania",56.1539195593989,2.191645119806601,56.1539195593989
"Fayette County, Pennsylvania",50.412743266913765,1.8561350197903863,50.412743266913765
"Franklin County, Pennsylvania",59.095379331876366,3.0065563534186697,59.095379331876366
"Indiana County, Pennsylvania",52.272044195732136,2.954015256687324,52.272044195732136
"Lackawanna County, Pennsylvania",55.89325176142466,1.842115621432869,55.89325176142466
"Lancaster County, Pennsylvania",63.74297120186551,2.1229610026666186,63.74297120186551
"Lawrence County, Pennsylvania",54.71682019788469,2.429489366541567,54.71682019788469
"Lebanon County, Pennsylvania",63.256098296007366,1.4560139143612396,63.256098296007366
"Lehigh County, Pennsylvania",61.10363038037874,3.1252668431389288,61.10363038037874
"Luzerne County, Pennsylvania",56.43842978599527,2.683829841231927,56.43842978599527
"Lycoming County, Pennsylvania",57.96033811541522,2.846665089368292,57.96033811541522
"Mercer County, Pennsylvania",53.96161335187762,2.588038942976356,53.96161335187762
"Monroe County, Pennsylvania",55.5794547154881,4.011222214229193,55.5794547154881
"Montgomery County, Pennsylvania",65.0671771510352,2.258583434049758,65.0671771510352
"Northampton County, Pennsylvania",58.93160964653654,2.741398154373129,58.93160964653654
"Northumberland County, Pennsylvania",53.7692982223049,1.7192357771105147,53.7692982223049
"Philadelphia County, Pennsylvania",60.24306504739515,3.981620364977905,60.24306504739515
"Schuylkill County, Pennsylvania",53.432780661526316,3.1698835861512875,53.432780661526316
"Somerset County, Pennsylvania",53.95366427150303,2.933390334939244,53.95366427150303
"Washington County, Pennsylvania",60.62118213886259,1.9289340101522845,60.62118213886259
"Westmoreland County, Pennsylvania",59.32838344085148,2.2264372945997484,59.32838344085148
"York County, Pennsylvania",63.974672974489486,2.5696666055031234,63.974672974489486
"Kent County, Rhode Island",62.422428924854536,2.1256893287078626,62.422428924854536
"Newport County, Rhode Island",57.721421072987454,2.587159511575225,57.721421072987454
"Providence County, Rhode Island",61.4528799424398,3.8439102664367697,61.4528799424398
"Washington County, Rhode Island",59.8436208200672,1.5690689370085664,59.8436208200672
"Aiken County, South Carolina",56.05483255249002,2.6291861877494362,56.05483255249002
"Anderson County, South Carolina",60.385445232512595,1.8944820287329776,60.385445232512595
"Beaufort County, South Carolina",48.00640108795048,1.1348448967150462,48.00640108795048
"Berkeley County, South Carolina",62.612876110327335,2.6790410507739724,62.612876110327335
"Charleston County, South Carolina",63.69152032283021,1.927289524171175,63.69152032283021
"Dorchester County, South Carolina",61.78177554140506,2.1530035178340827,61.78177554140506
"Florence County, South Carolina",55.475349690437966,3.6257739050676454,55.475349690437966
"Georgetown County, South Carolina",45.86911198275557,1.5406904837626771,45.86911198275557
"Greenville County, South Carolina",63.8370766840588,2.457949044929189,63.8370766840588
"Greenwood County, South Carolina",59.59220335938201,1.354531572801581,59.59220335938201
"Horry County, South Carolina",51.26396480823979,1.864240926385247,51.26396480823979
"Kershaw County, South Carolina",57.16845557008977,4.40446538964646,57.16845557008977
"Lancaster County, South Carolina",59.292418937259775,3.09766306641271,59.292418937259775
"Laurens County, South Carolina",56.6387462847879,3.019003872827164,56.6387462847879
"Lexington County, South Carolina",61.44337312395438,2.684856664861676,61.44337312395438
"Oconee County, South Carolina",50.70264690702647,3.1748138317481382,50.70264690702647
"Orangeburg County, South Carolina",49.32923872636172,2.9960180436986645,49.32923872636172
"Pickens County, South Carolina",56.45211127100015,1.3516018821784537,56.45211127100015
"Richland County, South Carolina",58.47317405352149,3.8235848099798604,58.47317405352149
"Spartanburg County, South Carolina",59.249901191350006,2.632191858167241,59.249901191350006
"Sumter County, South Carolina",48.96091982141765,4.146535380099077,48.96091982141765
"York County, South Carolina",64.82384298113175,2.1394411221417187,64.82384298113175
"Lincoln County, South Dakota",73.338152837042,1.350636527136157,73.338152837042
"Minnehaha County, South Dakota",72.71546205407576,1.6801395827580148,72.71546205407576
"Pennington County, South Dakota",60.26367353893338,1.255537570284546,60.26367353893338
"Anderson County, Tennessee",55.78581916065093,2.228373914107427,55.78581916065093
"Blount County, Tennessee",60.266138600339715,1.2846010054883619,60.266138600339715
"Bradley County, Tennessee",58.1100752280733,3.852521862811552,58.1100752280733
"Davidson County, Tennessee",70.35475251522884,2.248799305788248,70.35475251522884
"Greene County, Tennessee",51.005596503395,1.604761059948712,51.005596503395
"Hamblen County, Tennessee",57.59317148044849,1.8194410647099564,57.59317148044849
"Hamilton County, Tennessee",62.51961035881678,2.7332698872587073,62.51961035881678
"Knox County, Tennessee",63.50566469793589,2.29603532437475,63.50566469793589
"Madison County, Tennessee",57.884256692040125,3.7039370872611785,57.884256692040125
"Maury County, Tennessee",62.980447339453704,2.227618842273692,62.980447339453704
"Montgomery County, Tennessee",54.84583671410714,3.121642069252867,54.84583671410714
"Putnam County, Tennessee",57.94668441923066,2.0666300037627714,57.94668441923066
"Robertson County, Tennessee",66.46026660469131,2.0451866730855426,66.46026660469131
"Rutherford County, Tennessee",71.0075075179354,2.0487676141927507,71.0075075179354
"Sevier County, Tennessee",60.777834887534574,2.1171402697212227,60.777834887534574
"Shelby County, Tennessee",61.20010899244433,4.243183714712277,61.20010899244433
"Sullivan County, Tennessee",54.036126435177366,2.730418047056922,54.036126435177366
"Sumner County, Tennessee",68.3949517624897,1.4305746974247249,68.3949517624897
"Washington County, Tennessee",56.26366625918975,2.30454021108452,56.26366625918975
"Williamson County, Tennessee",65.84686347757412,1.196273093303487,65.84686347757412
"Wilson County, Tennessee",65.24351339855382,1.2380749832897855,65.24351339855382
"Angelina County, Texas",56.43633344699273,2.0443864616844323,56.43633344699273
"Bastrop County, Texas",57.10895788016611,3.5594225825588293,57.10895788016611
"Bell County, Texas",55.97358468962684,3.0567538533552896,55.97358468962684
"Bexar County, Texas",61.58436375019565,2.9727607998121774,61.58436375019565
"Bowie County, Texas",53.30935844291322,2.3114722595876684,53.30935844291322
"Brazoria County, Texas",61.278455631262005,2.720926415258301,61.278455631262005
"Brazos County, Texas",59.708621925005964,3.205357853674071,59.708621925005964
"Cameron County, Texas",56.427509997176905,3.3365287071765612,56.427509997176905
"Collin County, Texas",68.97723523589573,2.375347218526836,68.97723523589573
"Comal County, Texas",59.91864831038799,2.058057265459375,59.91864831038799
"Coryell County, Texas",41.09640776840056,2.119314963031826,41.09640776840056
"Dallas County, Texas",66.2634417190851,2.8874904088661646,66.2634417190851
"Denton County, Texas",68.9659329746284,2.6763663662543924,68.9659329746284
"Ector County, Texas",67.37353544044336,1.3361338158261002,67.37353544044336
"Ellis County, Texas",67.26367406769704,2.537911618085892,67.26367406769704
"El Paso County, Texas",57.78586437809599,2.548468792150413,57.78586437809599
"Fort Bend County, Texas",63.881374597616755,2.4447958434517423,63.881374597616755
"Galveston County, Texas",60.80477056153194,3.0552250419587494,60.80477056153194
"Grayson County, Texas",58.455694669170136,1.7010893547800956,58.455694669170136
"Gregg County, Texas",59.5291331025963,2.672874105383524,59.5291331025963
"Guadalupe County, Texas",64.81667537408404,2.024139640182722,64.81667537408404
"Harris County, Texas",64.42971546701185,3.9955832664374213,64.42971546701185
"Harrison County, Texas",60.49605371236741,2.3517017249383954,60.49605371236741
"Hays County, Texas",67.25978647686833,2.82266086072368,67.25978647686833
"Henderson County, Texas",53.191307810455655,2.912566130041527,53.191307810455655
"Hidalgo County, Texas",56.45808144177028,3.3385802821185506,56.45808144177028
"Hood County, Texas",54.91451070638787,2.0801495837902952,54.91451070638787
"Hunt County, Texas",59.696788260147535,3.889560433353292,59.696788260147535
"Jefferson County, Texas",53.53333774544492,2.9018118505923263,53.53333774544492
"Johnson County, Texas",62.40155732819297,2.588360620394912,62.40155732819297
"Kaufman County, Texas",65.55047204066811,4.257080610021786,65.55047204066811
"Liberty County, Texas",55.58246548801162,2.303348587016099,55.58246548801162
"Lubbock County, Texas",64.30137899919575,2.5159379352282314,64.30137899919575
"McLennan County, Texas",60.438701045401224,2.4130441951729695,60.438701045401224
"Midland County, Texas",68.40747065264836,1.5544715945202963,68.40747065264836
"Montgomery County, Texas",62.14631557520065,2.758411364429452,62.14631557520065
"Nacogdoches County, Texas",57.237968789085805,3.3443014104562336,57.237968789085805
"Nueces County, Texas",59.7436386470857,2.6917222344173393,59.7436386470857
"Orange County, Texas",60.336001701274434,3.8066015524129235,60.336001701274434
"Parker County, Texas",63.390203876461804,2.057984298999098,63.390203876461804
"Potter County, Texas",59.70457539691401,2.3826005403836277,59.70457539691401
"Randall County, Texas",66.82669638647177,1.61172789232286,66.82669638647177
"Rockwall County, Texas",63.85959015826257,3.2018267909569893,63.85959015826257
"San Patricio County, Texas",62.84891408698172,3.0883764739978625,62.84891408698172
"Smith County, Texas",57.18320728507486,2.0929155733909552,57.18320728507486
"Starr County, Texas",52.89886980772054,3.973496047472269,52.89886980772054
"Tarrant County, Texas",67.13982047573109,2.639516725086278,67.13982047573109
"Taylor County, Texas",57.65076663946239,1.9361336366319957,57.65076663946239
"Tom Green County, Texas",59.1097242565115,2.0579931647880447,59.1097242565115
"Travis County, Texas",70.70293360819655,2.951754974939299,70.70293360819655
"Victoria County, Texas",57.95914945933108,2.504959624465618,57.95914945933108
"Walker County, Texas",43.9039089545754,5.907581045284447,43.9039089545754
"Webb County, Texas",59.341632482721415,2.8236108425027737,59.341632482721415
"Wichita County, Texas",56.648808495113,1.6360389423353878,56.648808495113
"Williamson County, Texas",68.85593181912989,2.2255997475319984,68.85593181912989
"Wise County, Texas",59.8176331245741,3.549988642632313,59.8176331245741
"Cache County, Utah",68.68900424728646,1.5677206229353469,68.68900424728646
"Davis County, Utah",68.15456434529135,1.725879534762908,68.15456434529135
"Salt Lake County, Utah",69.90157977628346,2.5564532167986282,69.90157977628346
"Tooele County, Utah",70.83834465468468,1.4009113546660341,70.83834465468468
"Utah County, Utah",69.29582270304255,2.5746548310239006,69.29582270304255
"Washington County, Utah",57.10444195688744,2.528344600298924,57.10444195688744
"Weber County, Utah",68.43426539180213,1.8538153221473639,68.43426539180213
"Chittenden County, Vermont",68.48583308092628,1.6156345513120576,68.48583308092628
"Albemarle County, Virginia",60.726347829712715,1.5729892006838178,60.726347829712715
"Arlington County, Virginia",73.86002471408449,2.7470264277977514,73.86002471408449
"Augusta County, Virginia",58.48778112541465,1.6251255363827262,58.48778112541465
"Bedford County, Virginia",55.632574702873804,2.360889253630728,55.632574702873804
"Chesterfield County, Virginia",65.23682476943347,3.3096179183135703,65.23682476943347
"Fairfax County, Virginia",67.09652148201167,2.237179913825366,67.09652148201167
"Fauquier County, Virginia",66.13481385151469,1.6038946964771004,66.13481385151469
"Frederick County, Virginia",63.42418054246518,2.4151743638077283,63.42418054246518
"Hanover County, Virginia",64.76265975339325,1.0187793930174511,64.76265975339325
"Henrico County, Virginia",64.63918244788435,2.257151562092775,64.63918244788435
"James City County, Virginia",53.07758083450484,1.5145147031116393,53.07758083450484
"Loudoun County, Virginia",70.37504314602997,2.634288298796672,70.37504314602997
"Montgomery County, Virginia",53.830607476635514,2.3878504672897196,53.830607476635514
"Prince William County, Virginia",67.04526249075737,2.984578007816626,67.04526249075737
"Roanoke County, Virginia",57.06901264941971,2.316160938393101,57.06901264941971
"Rockingham County, Virginia",61.18733318906442,1.4571160643439371,61.18733318906442
"Spotsylvania County, Virginia",65.33295979353436,1.5544349361586525,65.33295979353436
"Stafford County, Virginia",64.91465071605941,1.8858053130514907,64.91465071605941
"York County, Virginia",54.18474235530631,2.6170070186576377,54.18474235530631
"Alexandria city, Virginia",71.98249872450951,2.7125430961178707,71.98249872450951
"Chesapeake city, Virginia",60.364386043043794,1.9160040631896038,60.364386043043794
"Hampton city, Virginia",57.68890812994931,3.509389036203258,57.68890812994931
"Lynchburg city, Virginia",55.61099532987511,1.5409890929004975,55.61099532987511
"Newport News city, Virginia",58.629674835772185,3.4546127789130106,58.629674835772185
"Norfolk city, Virginia",55.79585692173949,3.2339969891652354,55.79585692173949
"Portsmouth city, Virginia",58.801284707832565,3.4604227103191048,58.801284707832565
"Richmond city, Virginia",65.11224638132619,2.5740867651029014,65.11224638132619
"Roanoke city, Virginia",58.56905158069884,1.7915876639709012,58.56905158069884
"Suffolk city, Virginia",57.54904039207373,2.8133534524685433,57.54904039207373
"Virginia Beach city, Virginia",59.69316140778352,2.5557163610000466,59.69316140778352
"Benton County, Washington",59.086978867491005,3.0776672612389273,59.086978867491005
"Chelan County, Washington",57.55027872740152,3.337029166281684,57.55027872740152
"Clallam County, Washington",44.905977266592686,2.4322946345559786,44.905977266592686
"Clark County, Washington",62.53892409741396,2.734104900740571,62.53892409741396
"Cowlitz County, Washington",54.241718968883404,3.0256234902215997,54.241718968883404
"Franklin County, Washington",58.982826035895386,3.809221161418683,58.982826035895386
"Grant County, Washington",58.82300308054146,4.362609129139877,58.82300308054146
"Grays Harbor County, Washington",48.11249049911325,3.2271345325563723,48.11249049911325
"Island County, Washington",44.264804362384005,1.7124270544341336,44.264804362384005
"King County, Washington",67.82439948010423,3.0246505227581615,67.82439948010423
"Kitsap County, Washington",55.229879551649965,3.1109291854277528,55.229879551649965
"Lewis County, Washington",50.34970056440379,3.6190777096408207,50.34970056440379
"Mason County, Washington",43.797745276194846,4.393006474832836,43.797745276194846
"Pierce County, Washington",59.9108804494491,2.9315996003221123,59.9108804494491
"Skagit County, Washington",56.27030237781449,2.600560577654855,56.27030237781449
"Snohomish County, Washington",64.2943929274409,2.4221052647006664,64.2943929274409
"Spokane County, Washington",58.96026596600355,2.5499579959604626,58.96026596600355
"Thurston County, Washington",57.579705513630444,2.4753570462869643,57.579705513630444
"Whatcom County, Washington",60.48330693435913,2.6366404048299836,60.48330693435913
"Yakima County, Washington",59.68381302093656,2.92141746904372,59.68381302093656
"Berkeley County, West Virginia",62.15515855377021,3.561667155300415,62.15515855377021
"Cabell County, West Virginia",55.490562069509444,2.647352647352647,55.490562069509444
"Harrison County, West Virginia",53.66745171926519,1.5638247762600095,53.66745171926519
"Kanawha County, West Virginia",52.243746344148924,3.0602484258335343,52.243746344148924
"Monongalia County, West Virginia",61.39057578020979,2.9292371642905857,61.39057578020979
"Raleigh County, West Virginia",47.79530472218485,1.1889546616440199,47.79530472218485
"Wood County, West Virginia",53.94203709979225,3.02632936010962,53.94203709979225
"Brown County, Wisconsin",67.13717107687772,1.4253335298887007,67.13717107687772
"Chippewa County, Wisconsin",62.436899750332586,1.771362965392816,62.436899750332586
"Dane County, Wisconsin",68.88972722604714,1.6198769740220271,68.88972722604714
"Dodge County, Wisconsin",61.404198230184434,1.952759746859458,61.404198230184434
"Eau Claire County, Wisconsin",64.56229429011132,1.939991687354669,64.56229429011132
"Fond du Lac County, Wisconsin",62.72619019823017,1.6075556281958485,62.72619019823017
"Jefferson County, Wisconsin",64.91767071116082,2.4153700216618765,64.91767071116082
"Kenosha County, Wisconsin",65.44443307558505,2.1158259395144197,65.44443307558505
"La Crosse County, Wisconsin",66.14251394762444,2.48476184803542,66.14251394762444
"Manitowoc County, Wisconsin",60.781962456327356,1.088115118138213,60.781962456327356
"Marathon County, Wisconsin",63.96799942664146,1.3626223986096055,63.96799942664146
"Milwaukee County, Wisconsin",63.261758747495215,2.600439301521591,63.261758747495215
"Outagamie County, Wisconsin",67.1787537775592,1.2469989840226232,67.1787537775592
"Ozaukee County, Wisconsin",64.45726012807025,2.182129914663134,64.45726012807025
"Portage County, Wisconsin",64.33629066328686,1.7591888466413181,64.33629066328686
"Racine County, Wisconsin",61.87185134553555,2.3258904837852206,61.87185134553555
"Rock County, Wisconsin",62.90536168419786,3.364784133146735,62.90536168419786
"St. Croix County, Wisconsin",67.91815499301134,0.9046435781953719,67.91815499301134
"Sauk County, Wisconsin",66.50745595065722,1.4140920288083643,66.50745595065722
"Sheboygan County, Wisconsin",64.18159100374844,0.8808829654310704,64.18159100374844
"Walworth County, Wisconsin",61.37582833701482,2.5458684578280666,61.37582833701482
"Washington County, Wisconsin",67.6663617552242,0.753101659843163,67.6663617552242
"Waukesha County, Wisconsin",64.7618287390168,1.3493217913695439,64.7618287390168
"Winnebago County, Wisconsin",64.70971950424004,1.5435775263053404,64.70971950424004
"Wood County, Wisconsin",58.14710277270463,2.2380873318944046,58.14710277270463
"Laramie County, Wyoming",57.92381470311959,3.3309437880061306,57.92381470311959
"Natrona County, Wyoming",62.723636134559655,2.09462013355172,62.723636134559655
"Arecibo Municipio, Puerto Rico",38.34699546101213,5.261161167942551,38.34699546101213
"Bayam√≥n Municipio, Puerto Rico",45.54970488421401,3.107152180418574,45.54970488421401
"Caguas Municipio, Puerto Rico",46.21151197507926,4.283482617416785,46.21151197507926
"Carolina Municipio, Puerto Rico",47.8693332928071,4.234738073889455,47.8693332928071
"Guaynabo Municipio, Puerto Rico",49.675571551680434,2.4078673898717495,49.675571551680434
"Mayag√ºez Municipio, Puerto Rico",34.116017544438215,8.432542954193186,34.116017544438215
"Ponce Municipio, Puerto Rico",35.275352735656014,7.328144686402588,35.275352735656014
"San Juan Municipio, Puerto Rico",45.95870612525809,4.623193392980041,45.95870612525809
"Toa Alta Municipio, Puerto Rico",51.95424380020957,2.762836185819071,51.95424380020957
"Toa Baja Municipio, Puerto Rico",52.2466408745766,2.84943733645835,52.2466408745766
"Trujillo Alto Municipio, Puerto Rico",55.71142627410056,4.259832686089679,55.71142627410056
