Geographic Area Name,Total housing units,Occupied housing units,Rental vacancy rate,Total housing units,Owner-occupied,Median (dollars),Median (dollars),2023
"Baldwin County, Alabama",135673,105698,7.9,135673,79134,307000,1286,2023
"Calhoun County, Alabama",53543,46310,1.7,53543,31834,160900,782,2023
"Cullman County, Alabama",40322,35961,2.4,40322,28432,204000,788,2023
"DeKalb County, Alabama",31166,27182,1.2,31166,22303,156800,659,2023
"Elmore County, Alabama",37557,33692,2.3,37557,25594,229900,933,2023
"Etowah County, Alabama",47786,40027,4.1,47786,29847,188200,760,2023
"Houston County, Alabama",50624,44880,6.0,50624,27794,187100,957,2023
"Jefferson County, Alabama",312529,272648,6.4,312529,171002,249000,1164,2023
"Lauderdale County, Alabama",45116,41199,8.6,45116,27670,211700,745,2023
"Lee County, Alabama",81890,74799,4.7,81890,47427,280900,979,2023
"Limestone County, Alabama",45268,43490,4.7,45268,33561,292500,999,2023
"Madison County, Alabama",182177,168996,7.8,182177,116256,316200,1263,2023
"Marshall County, Alabama",41997,36274,9.3,41997,27186,199000,724,2023
"Mobile County, Alabama",186757,163963,4.5,186757,109510,191600,1022,2023
"Montgomery County, Alabama",106531,92816,5.4,106531,53334,170700,1023,2023
"Morgan County, Alabama",54128,49759,2.1,54128,35986,222000,870,2023
"St. Clair County, Alabama",39932,35354,8.3,39932,30395,223400,1027,2023
"Shelby County, Alabama",93211,88270,0.9,93211,72903,326600,1363,2023
"Talladega County, Alabama",38801,34080,2.1,38801,25034,154400,728,2023
"Tuscaloosa County, Alabama",105659,93966,5.2,105659,58586,248200,975,2023
"Anchorage Municipality, Alaska",120956,109125,7.3,120956,68761,385900,1474,2023
"Fairbanks North Star Borough, Alaska",42692,37510,7.9,42692,23918,285700,1503,2023
"Matanuska-Susitna Borough, Alaska",51218,39870,2.3,51218,30991,341300,1195,2023
"Apache County, Arizona",29186,24010,7.4,29186,18749,52700,607,2023
"Cochise County, Arizona",60172,50919,11.2,60172,35283,235200,988,2023
"Coconino County, Arizona",71047,56954,4.8,71047,34174,470900,1579,2023
"Maricopa County, Arizona",1913863,1753589,7.8,1913863,1147475,468700,1766,2023
"Mohave County, Arizona",122876,98791,6.0,122876,74113,293800,1077,2023
"Navajo County, Arizona",58078,41945,2.4,58078,30162,241400,869,2023
"Pima County, Arizona",484385,445471,5.6,484385,292307,337800,1263,2023
"Pinal County, Arizona",189795,168479,10.6,189795,138215,370600,1520,2023
"Yavapai County, Arizona",128616,113784,4.7,128616,86364,454200,1442,2023
"Yuma County, Arizona",96567,83811,2.4,96567,59183,246900,1055,2023
"Benton County, Arkansas",127369,117446,4.1,127369,76471,367400,1365,2023
"Craighead County, Arkansas",49935,47150,5.3,49935,26857,189700,968,2023
"Faulkner County, Arkansas",54836,50963,5.8,54836,33182,238700,1000,2023
"Garland County, Arkansas",53004,45243,6.3,53004,30319,220900,944,2023
"Jefferson County, Arkansas",30712,23885,6.4,30712,14419,92000,904,2023
"Lonoke County, Arkansas",31183,29388,N,31183,23435,189300,1065,2023
"Pulaski County, Arkansas",194736,169230,12.6,194736,99235,222500,1060,2023
"Saline County, Arkansas",53524,50684,1.0,53524,38561,235500,965,2023
"Sebastian County, Arkansas",57862,51596,6.0,57862,31301,191500,885,2023
"Washington County, Arkansas",107704,99630,3.3,107704,54653,325700,1112,2023
"White County, Arkansas",34406,30920,8.6,34406,22998,175100,780,2023
"Alameda County, California",646309,608534,6.1,646309,328166,1067800,2303,2023
"Butte County, California",93864,86279,2.2,93864,48755,420500,1434,2023
"Contra Costa County, California",432056,416172,3.0,432056,285285,829600,2314,2023
"El Dorado County, California",95459,77904,2.3,95459,59619,691600,1761,2023
"Fresno County, California",347917,328895,3.1,347917,191496,395500,1410,2023
"Humboldt County, California",63280,56130,2.0,63280,30673,468000,1246,2023
"Imperial County, California",58804,50024,3.5,58804,28111,331900,1022,2023
"Kern County, California",309632,289845,3.6,309632,173197,346600,1286,2023
"Kings County, California",47430,44262,4.9,47430,24291,348800,1220,2023
"Lake County, California",34385,26092,8.0,34385,19900,336700,1544,2023
"Los Angeles County, California",3675444,3450470,3.9,3675444,1567302,828700,1896,2023
"Madera County, California",51776,46781,1.6,51776,30755,398500,1477,2023
"Marin County, California",112359,101608,6.5,112359,66696,1512200,2614,2023
"Mendocino County, California",41848,34951,3.5,41848,21550,510400,1439,2023
"Merced County, California",92342,88053,1.3,92342,46291,409000,1294,2023
"Monterey County, California",146355,132170,2.2,146355,70057,759100,2004,2023
"Napa County, California",56046,51167,5.4,56046,32068,831800,2239,2023
"Nevada County, California",54548,42712,0.5,54548,31428,647200,1782,2023
"Orange County, California",1153448,1092528,4.7,1153448,622600,961400,2382,2023
"Placer County, California",182757,160315,5.0,182757,117474,673900,2009,2023
"Riverside County, California",877776,791757,4.4,877776,547302,576000,1871,2023
"Sacramento County, California",603629,573170,5.5,603629,344969,533900,1762,2023
"San Benito County, California",21699,20194,2.5,21699,13926,761600,1985,2023
"San Bernardino County, California",749701,682807,3.6,749701,428535,515500,1831,2023
"San Diego County, California",1261999,1181259,4.3,1261999,643311,864900,2296,2023
"San Francisco County, California",418143,372027,5.5,418143,138176,1348000,2356,2023
"San Joaquin County, California",265161,251091,3.3,265161,158580,531500,1655,2023
"San Luis Obispo County, California",126691,110283,4.9,126691,68908,817600,1922,2023
"San Mateo County, California",288325,265124,9.3,288325,156693,1492600,2797,2023
"Santa Barbara County, California",161890,150932,2.9,161890,76637,780700,1988,2023
"Santa Clara County, California",703922,665549,4.8,703922,360190,1443100,2781,2023
"Santa Cruz County, California",107127,99069,5.2,107127,59582,1011300,2055,2023
"Shasta County, California",80302,72320,3.4,80302,49199,355100,1351,2023
"Solano County, California",165626,157766,3.4,165626,101526,621000,2059,2023
"Sonoma County, California",209002,192765,1.5,209002,124529,784900,2061,2023
"Stanislaus County, California",186251,179152,2.9,186251,109538,456700,1595,2023
"Sutter County, California",34952,33325,0.8,34952,20611,405100,1403,2023
"Tehama County, California",27572,24919,3.9,27572,16814,322800,1126,2023
"Tulare County, California",155245,145442,4.0,155245,86036,339800,1277,2023
"Ventura County, California",297786,283718,3.3,297786,179756,820300,2264,2023
"Yolo County, California",83679,77230,8.6,83679,42679,610000,1900,2023
"Yuba County, California",31261,29253,2.7,31261,19621,391400,1304,2023
"Adams County, Colorado",200085,192742,3.4,200085,131700,494500,1811,2023
"Arapahoe County, Colorado",272175,261161,5.4,272175,169673,567300,1933,2023
"Boulder County, Colorado",146373,137425,2.6,146373,84169,763600,1915,2023
"Broomfield County, Colorado",34454,33563,N,34454,19844,660800,2086,2023
"Denver County, Colorado",366952,342996,4.8,366952,161601,626500,1843,2023
"Douglas County, Colorado",148748,145551,2.4,148748,109279,725500,2219,2023
"El Paso County, Colorado",312300,298973,4.7,312300,198562,470900,1708,2023
"Jefferson County, Colorado",256111,242433,5.5,256111,169205,645900,1851,2023
"Larimer County, Colorado",167381,156498,4.1,167381,99088,574900,1699,2023
"Mesa County, Colorado",71412,68115,1.6,71412,47295,373200,1184,2023
"Pueblo County, Colorado",74540,68732,5.1,74540,48988,313700,1165,2023
"Weld County, Colorado",134498,129057,4.4,134498,96557,475400,1569,2023
"Capitol Planning Region, Connecticut",417674,391422,5.8,417674,255691,326700,1389,2023
"Greater Bridgeport Planning Region, Connecticut",126424,119505,5.9,126424,78657,441400,1488,2023
"Lower Connecticut River Valley Planning Region, Connecticut",83142,75959,3.6,83142,55729,385300,1449,2023
"Naugatuck Valley Planning Region, Connecticut",192837,180851,7.8,192837,122819,327000,1298,2023
"Northeastern Connecticut Planning Region, Connecticut",41858,40349,1.0,41858,30324,305600,1217,2023
"Northwest Hills Planning Region, Connecticut",55885,50297,5.0,55885,40554,331100,1141,2023
"South Central Connecticut Planning Region, Connecticut",249100,233004,4.2,249100,136990,349200,1471,2023
"Southeastern Connecticut Planning Region, Connecticut",126592,114156,4.5,126592,73939,323700,1348,2023
"Western Connecticut Planning Region, Connecticut",252498,237426,2.5,252498,153418,657900,2076,2023
"Kent County, Delaware",77902,74183,2.0,77902,54155,325200,1320,2023
"New Castle County, Delaware",237269,226373,4.9,237269,158804,357400,1393,2023
"Sussex County, Delaware",156301,111492,9.4,156301,90172,397100,1236,2023
"District of Columbia, District of Columbia",367125,334673,4.7,367125,130934,715500,1904,2023
"Alachua County, Florida",130190,121753,6.5,130190,67799,307000,1370,2023
"Bay County, Florida",110843,80689,16.7,110843,55569,327700,1534,2023
"Brevard County, Florida",304028,258656,12.7,304028,198445,356600,1648,2023
"Broward County, Florida",868151,758853,6.5,868151,485158,439100,1961,2023
"Charlotte County, Florida",123512,90367,8.2,123512,75652,365900,1520,2023
"Citrus County, Florida",86456,75745,7.6,86456,62468,278800,1138,2023
"Clay County, Florida",90767,86946,1.6,90767,64809,338000,1619,2023
"Collier County, Florida",245472,166192,9.5,245472,128374,595500,2039,2023
"Columbia County, Florida",30572,27280,9.8,30572,20692,230300,998,2023
"Duval County, Florida",464816,428020,8.3,464816,250755,321400,1516,2023
"Escambia County, Florida",151217,131375,8.9,151217,88003,287000,1394,2023
"Flagler County, Florida",63900,56177,11.1,63900,46534,400400,1749,2023
"Hernando County, Florida",94190,85911,3.1,94190,72313,305100,1392,2023
"Highlands County, Florida",59245,47278,3.3,59245,37852,208900,1073,2023
"Hillsborough County, Florida",644916,593029,7.6,644916,360020,396200,1757,2023
"Indian River County, Florida",87613,72833,9.2,87613,58141,370600,1409,2023
"Lake County, Florida",192113,172803,9.2,192113,132280,321700,1644,2023
"Lee County, Florida",452102,326338,11.3,452102,245460,391700,1797,2023
"Leon County, Florida",139944,124867,5.3,139944,64552,311800,1284,2023
"Manatee County, Florida",228846,190091,11.5,228846,141413,424000,1771,2023
"Marion County, Florida",194389,171369,10.1,194389,133047,265100,1365,2023
"Martin County, Florida",84168,69169,9.5,84168,54253,438800,1585,2023
"Miami-Dade County, Florida",1104630,985935,5.1,1104630,532611,488600,1864,2023
"Monroe County, Florida",55132,32559,19.4,55132,22790,806100,2091,2023
"Nassau County, Florida",46601,41045,12.1,46601,33298,411500,1546,2023
"Okaloosa County, Florida",104826,86541,10.4,104826,59803,363800,1710,2023
"Orange County, Florida",599436,556557,7.1,599436,312046,405700,1815,2023
"Osceola County, Florida",179286,154722,8.2,179286,106076,373300,1802,2023
"Palm Beach County, Florida",725849,605132,9.4,725849,434360,491500,1982,2023
"Pasco County, Florida",279605,239952,8.5,279605,185508,337700,1540,2023
"Pinellas County, Florida",522006,439896,7.1,522006,304510,382400,1776,2023
"Polk County, Florida",352635,306915,3.1,352635,219055,296300,1403,2023
"Putnam County, Florida",38312,32487,2.2,38312,24999,160200,964,2023
"St. Johns County, Florida",141399,126240,4.6,141399,103735,534600,2037,2023
"St. Lucie County, Florida",166826,145735,8.1,166826,114715,371400,1729,2023
"Santa Rosa County, Florida",81814,72969,4.7,81814,60101,342100,1269,2023
"Sarasota County, Florida",273002,218010,6.0,273002,166979,450300,1940,2023
"Seminole County, Florida",202787,189580,7.5,202787,119678,404100,1803,2023
"Sumter County, Florida",88692,73238,12.0,88692,64378,411000,1347,2023
"Volusia County, Florida",287090,243904,9.9,287090,179401,341900,1480,2023
"Walton County, Florida",63654,35435,27.4,63654,28606,438000,1720,2023
"Barrow County, Georgia",33304,32217,5.0,33304,25795,300800,1285,2023
"Bartow County, Georgia",46909,42225,7.0,46909,31793,309400,1383,2023
"Bibb County, Georgia",71965,60919,9.7,71965,28412,199800,1038,2023
"Bulloch County, Georgia",34623,30988,0.0,34623,16843,240200,927,2023
"Carroll County, Georgia",48629,44515,5.3,48629,31863,280800,1174,2023
"Catoosa County, Georgia",28809,26248,8.9,28809,20340,232000,971,2023
"Chatham County, Georgia",139403,123272,4.6,139403,69753,320800,1485,2023
"Cherokee County, Georgia",109267,102811,10.8,109267,81590,450800,1857,2023
"Clarke County, Georgia",59436,55505,4.7,59436,23635,318700,1281,2023
"Clayton County, Georgia",116070,106914,9.7,116070,56092,245900,1440,2023
"Cobb County, Georgia",316691,299074,6.1,316691,201365,432000,1740,2023
"Columbia County, Georgia",63044,57807,10.3,63044,47098,327700,1339,2023
"Coweta County, Georgia",60294,57325,4.4,60294,45565,383000,1546,2023
"DeKalb County, Georgia",333374,291423,13.4,333374,177122,368200,1707,2023
"Dougherty County, Georgia",40629,35052,6.3,40629,15476,144500,856,2023
"Douglas County, Georgia",57156,53350,6.0,57156,36464,328400,1594,2023
"Effingham County, Georgia",26667,25452,0.0,26667,20570,282800,1170,2023
"Fayette County, Georgia",47096,45095,7.2,47096,36258,462900,1712,2023
"Floyd County, Georgia",41150,37835,7.9,41150,23965,221100,993,2023
"Forsyth County, Georgia",95254,90635,5.9,95254,76067,587300,2166,2023
"Fulton County, Georgia",515478,458812,11.2,515478,256837,477500,1775,2023
"Glynn County, Georgia",44454,37904,6.0,44454,25077,337200,1267,2023
"Gwinnett County, Georgia",345869,330254,5.7,345869,222382,395500,1847,2023
"Hall County, Georgia",83214,76413,3.1,83214,51415,357600,1360,2023
"Henry County, Georgia",94070,89313,6.2,94070,66431,334600,1838,2023
"Houston County, Georgia",71609,65688,5.7,71609,43537,221200,1179,2023
"Jackson County, Georgia",32205,30300,1.8,32205,22841,363200,1111,2023
"Liberty County, Georgia",28200,24654,9.3,28200,13554,226200,1236,2023
"Lowndes County, Georgia",52798,48322,7.0,52798,27298,221800,1029,2023
"Muscogee County, Georgia",92934,82007,4.1,92934,41407,198200,1004,2023
"Newton County, Georgia",44452,42633,7.7,44452,31537,295800,1564,2023
"Paulding County, Georgia",64976,61401,3.6,64976,48456,354000,1798,2023
"Richmond County, Georgia",93769,77202,15.1,93769,40621,197100,1149,2023
"Rockdale County, Georgia",36877,35459,1.3,36877,26973,328200,1553,2023
"Spalding County, Georgia",29209,26898,9.0,29209,17082,240400,1073,2023
"Troup County, Georgia",30080,28232,3.1,30080,15915,241000,1126,2023
"Walker County, Georgia",29844,26020,5.7,29844,20413,219800,796,2023
"Walton County, Georgia",38548,37132,1.9,38548,29507,357200,1402,2023
"Whitfield County, Georgia",40266,37316,2.1,40266,23359,243400,935,2023
"Hawaii County, Hawaii",91549,73933,16.5,91549,55102,528800,1492,2023
"Honolulu County, Hawaii",376177,338496,8.3,376177,200110,899300,2033,2023
"Kauai County, Hawaii",30637,24621,1.4,30637,17326,888500,1816,2023
"Maui County, Hawaii",73588,56848,4.9,73588,35883,934500,1828,2023
"Ada County, Idaho",218300,209863,3.3,218300,146832,525600,1599,2023
"Bannock County, Idaho",36735,33729,3.2,36735,23435,341800,1068,2023
"Bonneville County, Idaho",48469,45245,5.9,48469,31667,374800,1182,2023
"Canyon County, Idaho",92918,88688,3.9,92918,67525,378600,1366,2023
"Kootenai County, Idaho",82654,74253,4.7,82654,54466,556500,1426,2023
"Twin Falls County, Idaho",37217,35050,4.0,37217,23789,329000,1142,2023
"Champaign County, Illinois",96007,89155,8.1,96007,48422,216100,987,2023
"Cook County, Illinois",2280886,2117084,3.3,2280886,1223799,313700,1386,2023
"DeKalb County, Illinois",41856,40202,1.2,41856,25644,244000,1037,2023
"DuPage County, Illinois",367832,353618,3.1,367832,259443,383100,1672,2023
"Kane County, Illinois",191886,185921,4.4,191886,143872,324000,1479,2023
"Kankakee County, Illinois",45487,41130,5.9,45487,29126,182900,1058,2023
"Kendall County, Illinois",47157,44934,11.1,47157,38313,326700,1714,2023
"Lake County, Illinois",271341,260243,4.1,271341,199787,340400,1406,2023
"LaSalle County, Illinois",49866,44319,4.1,49866,33166,154300,885,2023
"McHenry County, Illinois",122120,119150,1.4,122120,99130,308300,1369,2023
"McLean County, Illinois",75631,71060,5.0,75631,46522,211000,1013,2023
"Macon County, Illinois",49594,43598,13.0,49594,30175,115300,822,2023
"Madison County, Illinois",119438,110909,4.2,119438,82626,173300,999,2023
"Peoria County, Illinois",84876,77525,12.1,84876,54593,153000,938,2023
"Rock Island County, Illinois",66763,62396,6.2,66763,45214,144100,845,2023
"St. Clair County, Illinois",116260,102701,5.3,116260,67790,185400,1077,2023
"Sangamon County, Illinois",93564,85477,8.9,93564,59943,181700,956,2023
"Tazewell County, Illinois",58832,54228,2.8,58832,41412,162000,869,2023
"Vermilion County, Illinois",34269,30703,5.0,34269,20144,96100,850,2023
"Will County, Illinois",255998,246145,2.5,255998,203903,322200,1527,2023
"Williamson County, Illinois",32200,29509,1.7,32200,19117,155900,980,2023
"Winnebago County, Illinois",125024,115540,5.8,125024,74404,161400,988,2023
"Allen County, Indiana",168065,160153,5.3,168065,108495,226000,957,2023
"Bartholomew County, Indiana",35878,33777,4.1,35878,23575,253900,1169,2023
"Boone County, Indiana",30487,29659,N,30487,22695,369300,1303,2023
"Clark County, Indiana",56289,52156,7.4,56289,36858,232400,1109,2023
"Delaware County, Indiana",51776,44361,17.4,51776,29177,139700,878,2023
"Elkhart County, Indiana",80903,73439,16.8,80903,52525,214000,1079,2023
"Floyd County, Indiana",35042,31833,13.3,35042,22990,258700,991,2023
"Grant County, Indiana",29926,27670,2.9,29926,19503,121800,734,2023
"Hamilton County, Indiana",149802,140850,7.3,149802,106839,419800,1510,2023
"Hancock County, Indiana",35581,34114,N,35581,26281,288900,1166,2023
"Hendricks County, Indiana",70942,69367,2.2,70942,54988,306100,1431,2023
"Howard County, Indiana",40029,35551,5.1,40029,23926,169300,949,2023
"Johnson County, Indiana",66982,64079,3.4,66982,46849,286900,1249,2023
"Kosciusko County, Indiana",39227,32268,9.5,39227,24709,227800,1010,2023
"Lake County, Indiana",218648,197595,4.7,218648,144467,236800,1116,2023
"LaPorte County, Indiana",50199,45725,5.7,50199,33972,196300,994,2023
"Madison County, Indiana",59555,54317,6.6,59555,39094,163200,935,2023
"Marion County, Indiana",442920,408293,4.3,442920,234204,238700,1187,2023
"Monroe County, Indiana",66763,61400,7.7,66763,31917,301400,1130,2023
"Morgan County, Indiana",30401,29202,N,30401,23675,262700,951,2023
"Porter County, Indiana",73144,68120,3.5,73144,52036,280500,1127,2023
"St. Joseph County, Indiana",118907,106607,4.7,118907,73541,195000,1077,2023
"Tippecanoe County, Indiana",81781,76240,5.1,81781,41819,246800,1131,2023
"Vanderburgh County, Indiana",86023,77472,7.5,86023,49577,187300,938,2023
"Vigo County, Indiana",46950,42219,6.6,46950,26678,142800,927,2023
"Warrick County, Indiana",27297,25278,3.8,27297,20673,262200,1021,2023
"Wayne County, Indiana",30773,26843,8.9,30773,18353,136100,825,2023
"Black Hawk County, Iowa",59040,53791,9.4,59040,35126,180100,942,2023
"Dallas County, Iowa",46662,44043,5.8,46662,29204,351100,1430,2023
"Dubuque County, Iowa",43566,42889,N,43566,31794,231700,868,2023
"Johnson County, Iowa",69460,64076,7.4,69460,37546,310700,1089,2023
"Linn County, Iowa",103483,96058,5.8,103483,69644,222900,942,2023
"Polk County, Iowa",222344,207757,4.1,222344,139808,271300,1137,2023
"Pottawattamie County, Iowa",40213,38289,1.6,40213,27008,216200,902,2023
"Scott County, Iowa",78881,75239,6.6,78881,52393,243000,993,2023
"Story County, Iowa",42166,38771,3.6,42166,21616,260600,991,2023
"Woodbury County, Iowa",43622,40348,4.2,43622,27269,182900,1025,2023
"Butler County, Kansas",27534,25801,4.9,27534,20407,222200,992,2023
"Douglas County, Kansas",54095,51013,5.4,54095,24942,305600,1056,2023
"Johnson County, Kansas",261517,250337,4.9,261517,166940,387700,1427,2023
"Leavenworth County, Kansas",32189,30246,9.2,32189,22003,275500,1175,2023
"Riley County, Kansas",30892,27875,3.3,30892,12837,221500,1095,2023
"Sedgwick County, Kansas",229571,211238,4.7,229571,131125,209700,974,2023
"Shawnee County, Kansas",81377,73980,12.4,81377,49116,183200,962,2023
"Wyandotte County, Kansas",69011,62238,4.8,69011,38043,177000,1113,2023
"Boone County, Kentucky",53958,51702,7.9,53958,38703,285600,1397,2023
"Bullitt County, Kentucky",34059,32321,5.7,34059,27507,260500,907,2023
"Campbell County, Kentucky",42459,40425,7.6,42459,28029,268500,1292,2023
"Christian County, Kentucky",29406,25768,2.1,29406,13898,175300,1032,2023
"Daviess County, Kentucky",44685,42164,2.6,44685,26526,200500,904,2023
"Fayette County, Kentucky",150398,141680,2.8,150398,79028,294300,1145,2023
"Hardin County, Kentucky",48599,45909,3.8,48599,29230,237200,952,2023
"Jefferson County, Kentucky",360822,331206,7.1,360822,210890,250800,1123,2023
"Kenton County, Kentucky",73634,67180,11.5,73634,47244,251500,1083,2023
"McCracken County, Kentucky",32364,28934,0.0,32364,18711,179600,764,2023
"Madison County, Kentucky",41197,37672,4.4,41197,23088,253100,804,2023
"Oldham County, Kentucky",24189,23415,0.0,24189,21054,387500,1032,2023
"Pulaski County, Kentucky",31793,26203,3.2,31793,18997,189500,850,2023
"Warren County, Kentucky",61505,57773,5.0,61505,33693,268700,972,2023
"Ascension Parish, Louisiana",53078,48526,7.3,53078,40117,279900,1176,2023
"Bossier Parish, Louisiana",57327,54151,5.5,57327,38604,211500,1163,2023
"Caddo Parish, Louisiana",112790,98864,8.0,112790,60168,170500,996,2023
"Calcasieu Parish, Louisiana",96567,79222,20.5,96567,57356,221500,1081,2023
"East Baton Rouge Parish, Louisiana",207672,177309,11.7,207672,102474,253300,1131,2023
"Iberia Parish, Louisiana",31414,26439,4.9,31414,18164,147500,836,2023
"Jefferson Parish, Louisiana",194632,176635,7.0,194632,111394,259100,1135,2023
"Lafayette Parish, Louisiana",114012,102227,4.3,114012,67512,244400,972,2023
"Lafourche Parish, Louisiana",41549,38393,5.2,41549,30115,195200,1088,2023
"Livingston Parish, Louisiana",61021,55653,4.8,61021,45782,223600,1003,2023
"Orleans Parish, Louisiana",196556,155005,12.7,196556,86622,306400,1203,2023
"Ouachita Parish, Louisiana",71700,63158,5.9,71700,39347,195300,940,2023
"Rapides Parish, Louisiana",58910,50301,6.1,58910,30328,170900,929,2023
"St. Landry Parish, Louisiana",37382,34635,2.0,37382,25868,114100,658,2023
"St. Tammany Parish, Louisiana",115706,106164,10.0,115706,83580,286500,1259,2023
"Tangipahoa Parish, Louisiana",61549,54627,3.6,61549,38056,218300,987,2023
"Terrebonne Parish, Louisiana",47298,42203,3.2,47298,31610,185300,1043,2023
"Androscoggin County, Maine",50828,48239,1.7,50828,31816,263000,997,2023
"Aroostook County, Maine",38547,32671,2.3,38547,24899,154400,859,2023
"Cumberland County, Maine",155247,134326,2.7,155247,95400,470600,1609,2023
"Kennebec County, Maine",64039,55601,3.0,64039,40369,253200,1055,2023
"Penobscot County, Maine",76102,66556,6.2,76102,47597,228600,1105,2023
"York County, Maine",116593,93995,7.6,116593,71349,422600,1473,2023
"Allegany County, Maryland",32654,28187,12.6,32654,20849,146900,841,2023
"Anne Arundel County, Maryland",237823,226503,5.6,237823,169190,460600,1998,2023
"Baltimore County, Maryland",350593,331624,6.0,350593,222839,345900,1597,2023
"Calvert County, Maryland",36309,33642,9.9,36309,29063,473400,1760,2023
"Carroll County, Maryland",66747,64081,9.3,66747,55130,433300,1529,2023
"Cecil County, Maryland",44548,41195,10.0,44548,31689,327500,1196,2023
"Charles County, Maryland",64660,62532,7.2,64660,52310,410000,1815,2023
"Frederick County, Maryland",111334,107332,3.4,111334,82330,462500,1719,2023
"Harford County, Maryland",106421,103909,1.9,106421,82151,388400,1451,2023
"Howard County, Maryland",126188,121399,6.4,126188,85036,603400,2053,2023
"Montgomery County, Maryland",406718,392629,2.9,406718,252963,636200,1984,2023
"Prince George's County, Maryland",369065,351460,6.3,369065,225131,422300,1722,2023
"St. Mary's County, Maryland",46644,43227,8.2,46644,31579,403900,1682,2023
"Washington County, Maryland",64486,59404,5.7,64486,41172,283700,1135,2023
"Wicomico County, Maryland",44366,39679,4.7,44366,23255,257300,1311,2023
"Baltimore city, Maryland",294353,259385,2.8,294353,124163,241900,1239,2023
"Barnstable County, Massachusetts",166909,109475,2.1,166909,85922,634700,1604,2023
"Berkshire County, Massachusetts",70074,58807,3.3,70074,40464,298200,1074,2023
"Bristol County, Massachusetts",245727,233990,3.0,245727,144367,459700,1269,2023
"Essex County, Massachusetts",330832,313787,1.2,330832,200210,624700,1726,2023
"Franklin County, Massachusetts",34560,32430,1.9,34560,22130,329300,1164,2023
"Hampden County, Massachusetts",197644,184698,4.3,197644,115079,302100,1136,2023
"Hampshire County, Massachusetts",67130,61802,7.3,67130,40448,380800,1355,2023
"Middlesex County, Massachusetts",666703,632721,3.9,666703,388553,716100,2193,2023
"Norfolk County, Massachusetts",297313,286649,5.3,297313,195314,686500,2081,2023
"Plymouth County, Massachusetts",219732,203356,3.0,219732,158639,568500,1762,2023
"Suffolk County, Massachusetts",361135,332924,3.8,361135,122262,683900,2114,2023
"Worcester County, Massachusetts",357234,336660,4.9,357234,220619,433900,1449,2023
"Allegan County, Michigan",53094,46317,4.4,53094,39170,264800,1098,2023
"Bay County, Michigan",48700,44417,4.3,48700,34497,156200,811,2023
"Berrien County, Michigan",77526,65129,3.2,77526,48001,237900,936,2023
"Calhoun County, Michigan",59675,54568,9.1,59675,39504,163500,906,2023
"Clinton County, Michigan",33526,31653,12.7,33526,25777,276500,1040,2023
"Eaton County, Michigan",47888,45181,5.8,47888,33940,226200,997,2023
"Genesee County, Michigan",184257,164086,4.0,184257,118219,181600,928,2023
"Grand Traverse County, Michigan",47602,42544,4.1,47602,32754,343200,1357,2023
"Ingham County, Michigan",126694,117197,7.6,126694,71007,190900,1055,2023
"Ionia County, Michigan",24942,23600,7.6,24942,18771,221500,816,2023
"Jackson County, Michigan",69444,61851,7.9,69444,47486,203700,964,2023
"Kalamazoo County, Michigan",115178,107893,3.0,115178,66547,251200,1058,2023
"Kent County, Michigan",271006,257898,4.3,271006,181848,297400,1270,2023
"Lapeer County, Michigan",37376,34494,0.0,37376,30109,234000,988,2023
"Lenawee County, Michigan",43925,40142,4.5,43925,32240,198200,922,2023
"Livingston County, Michigan",81339,77304,7.3,81339,68559,347800,1231,2023
"Macomb County, Michigan",375223,359464,4.3,375223,273209,246600,1229,2023
"Marquette County, Michigan",33693,28707,3.7,33693,19098,227800,842,2023
"Midland County, Michigan",37259,35761,1.1,37259,27675,195900,894,2023
"Monroe County, Michigan",67062,62936,2.6,67062,50882,245000,983,2023
"Montcalm County, Michigan",28302,24697,9.4,28302,20818,200500,924,2023
"Muskegon County, Michigan",75718,70042,9.4,75718,56878,208700,1003,2023
"Oakland County, Michigan",563476,533533,7.1,563476,388282,338000,1349,2023
"Ottawa County, Michigan",119144,114316,3.3,119144,90387,328400,1149,2023
"Saginaw County, Michigan",86343,77158,16.3,86343,59131,146400,917,2023
"St. Clair County, Michigan",73153,69234,1.0,73153,54728,232300,914,2023
"Shiawassee County, Michigan",30383,26950,16.9,30383,21892,182600,951,2023
"Van Buren County, Michigan",37618,31149,8.3,37618,25337,213200,758,2023
"Washtenaw County, Michigan",160127,149379,3.8,160127,93487,360400,1451,2023
"Wayne County, Michigan",803765,696332,6.2,803765,461095,177300,1095,2023
"Anoka County, Minnesota",144034,138924,2.4,144034,111578,349400,1294,2023
"Blue Earth County, Minnesota",30183,27037,13.5,30183,16415,276300,1055,2023
"Carver County, Minnesota",43199,42250,1.0,43199,34486,456700,1583,2023
"Clay County, Minnesota",27846,26890,1.7,27846,17165,267600,1111,2023
"Crow Wing County, Minnesota",43133,31463,2.0,43133,23854,332400,1034,2023
"Dakota County, Minnesota",181431,176865,3.6,181431,128582,383600,1585,2023
"Hennepin County, Minnesota",579766,545627,6.9,579766,337658,386600,1445,2023
"Olmsted County, Minnesota",72242,66425,8.2,72242,47219,335000,1401,2023
"Ramsey County, Minnesota",236273,225183,4.5,236273,132958,319600,1367,2023
"Rice County, Minnesota",25446,23512,8.3,25446,17772,302100,1028,2023
"St. Louis County, Minnesota",104537,87576,4.3,104537,61966,236700,1004,2023
"Scott County, Minnesota",57710,55921,4.8,57710,46372,394700,1434,2023
"Sherburne County, Minnesota",37691,35909,5.0,37691,30368,366300,1105,2023
"Stearns County, Minnesota",67083,60666,8.0,67083,41741,288500,1129,2023
"Washington County, Minnesota",111824,109093,1.9,111824,90378,415100,1668,2023
"Wright County, Minnesota",58817,55367,3.0,58817,46933,355200,1272,2023
"DeSoto County, Mississippi",77066,70666,27.5,77066,58056,275400,1381,2023
"Forrest County, Mississippi",33914,30255,10.5,33914,18260,169400,1006,2023
"Harrison County, Mississippi",96431,86167,4.1,96431,53731,213900,1054,2023
"Hinds County, Mississippi",106439,88687,7.6,106439,52402,164200,992,2023
"Jackson County, Mississippi",64224,59347,10.7,64224,42064,198000,1021,2023
"Jones County, Mississippi",29012,25758,4.3,29012,19782,160000,749,2023
"Lamar County, Mississippi",27827,26301,5.7,27827,18016,232100,1041,2023
"Lauderdale County, Mississippi",33564,29693,4.1,33564,20145,145600,840,2023
"Lee County, Mississippi",37820,32115,8.3,37820,24203,196200,877,2023
"Madison County, Mississippi",48085,45674,0.5,48085,32918,341500,1288,2023
"Rankin County, Mississippi",64833,60434,4.3,64833,46964,240400,1184,2023
"Boone County, Missouri",82512,76762,6.5,82512,43623,272400,1100,2023
"Buchanan County, Missouri",38540,33257,4.4,38540,22794,166500,889,2023
"Cape Girardeau County, Missouri",36265,33624,2.9,36265,21952,223300,895,2023
"Cass County, Missouri",47234,44422,8.9,47234,35169,294400,1194,2023
"Christian County, Missouri",37311,35654,0.8,37311,27355,310800,1024,2023
"Clay County, Missouri",109025,103995,5.1,109025,72507,283200,1245,2023
"Cole County, Missouri",33666,31874,3.6,33666,22708,228700,754,2023
"Franklin County, Missouri",46933,44140,3.0,46933,31068,229900,895,2023
"Greene County, Missouri",140105,132232,3.0,140105,75295,231400,1000,2023
"Jackson County, Missouri",339241,310868,3.3,339241,188271,228100,1197,2023
"Jasper County, Missouri",55381,52000,1.8,55381,31344,177100,915,2023
"Jefferson County, Missouri",94758,88836,1.9,94758,75332,235100,882,2023
"Platte County, Missouri",47254,44751,5.1,47254,31545,356500,1287,2023
"St. Charles County, Missouri",169947,163272,9.5,169947,132948,325600,1420,2023
"St. Francois County, Missouri",28981,25489,0.8,28981,18098,181100,803,2023
"St. Louis County, Missouri",447038,419348,4.3,447038,295825,272400,1204,2023
"St. Louis city, Missouri",174806,150404,6.8,174806,72300,192800,1011,2023
"Cascade County, Montana",39901,36414,4.7,39901,24816,286500,959,2023
"Flathead County, Montana",52603,45510,4.1,52603,34015,570800,1275,2023
"Gallatin County, Montana",59966,54621,7.2,59966,32972,691200,1790,2023
"Lewis and Clark County, Montana",34251,30756,7.2,34251,21237,379500,1078,2023
"Missoula County, Montana",58308,55084,2.3,58308,33201,488300,1172,2023
"Yellowstone County, Montana",75508,72668,0.2,75508,48501,358700,999,2023
"Douglas County, Nebraska",254994,242890,4.3,254994,149090,274700,1178,2023
"Lancaster County, Nebraska",143103,138006,2.2,143103,79163,277700,1024,2023
"Sarpy County, Nebraska",78751,75546,3.6,78751,52917,322400,1385,2023
"Clark County, Nevada",963471,880604,6.6,963471,509177,437900,1654,2023
"Washoe County, Nevada",223813,201140,7.9,223813,126056,545100,1627,2023
"Belknap County, New Hampshire",39395,27150,0.0,39395,22790,411900,1037,2023
"Cheshire County, New Hampshire",36079,31921,3.6,36079,22727,328200,1259,2023
"Grafton County, New Hampshire",52424,40528,3.2,52424,28471,354800,1366,2023
"Hillsborough County, New Hampshire",178687,170761,4.1,178687,116377,430300,1668,2023
"Merrimack County, New Hampshire",66947,62305,6.3,66947,44381,372200,1398,2023
"Rockingham County, New Hampshire",139006,127021,6.8,139006,99265,518600,1664,2023
"Strafford County, New Hampshire",57012,53495,5.6,57012,35965,379800,1505,2023
"Atlantic County, New Jersey",132179,111158,2.9,132179,74940,303800,1307,2023
"Bergen County, New Jersey",370464,356438,2.5,370464,231063,615300,1870,2023
"Burlington County, New Jersey",186753,179477,2.4,186753,137492,358000,1671,2023
"Camden County, New Jersey",213947,201670,4.3,213947,134076,294900,1328,2023
"Cape May County, New Jersey",99491,47516,25.8,99491,39371,474800,1440,2023
"Cumberland County, New Jersey",57336,54482,2.6,57336,36090,220500,1196,2023
"Essex County, New Jersey",337500,322456,2.0,337500,146736,522800,1477,2023
"Gloucester County, New Jersey",118177,113391,3.8,118177,89768,317900,1582,2023
"Hudson County, New Jersey",325334,305743,3.2,325334,88102,531900,1816,2023
"Hunterdon County, New Jersey",52256,51186,4.5,52256,43834,506000,1573,2023
"Mercer County, New Jersey",151262,146258,1.8,151262,88183,390900,1466,2023
"Middlesex County, New Jersey",319111,311100,1.7,319111,196353,475200,1823,2023
"Monmouth County, New Jersey",271056,252995,3.0,271056,188381,628000,1752,2023
"Morris County, New Jersey",200038,193192,3.8,200038,144520,577700,1923,2023
"Ocean County, New Jersey",296757,245827,5.3,296757,197440,408000,1692,2023
"Passaic County, New Jersey",186178,178277,2.3,186178,97018,465700,1551,2023
"Salem County, New Jersey",27726,25207,7.4,27726,18245,249500,1318,2023
"Somerset County, New Jersey",134729,132047,2.7,134729,98372,556600,1970,2023
"Sussex County, New Jersey",62889,58679,2.8,62889,49903,367500,1397,2023
"Union County, New Jersey",213603,206095,2.5,213603,121379,522500,1744,2023
"Warren County, New Jersey",46866,45263,N,46866,34186,350500,1440,2023
"Bernalillo County, New Mexico",304522,285796,5.1,304522,185305,303400,1206,2023
"Do√±a Ana County, New Mexico",93944,87688,4.4,93944,58113,228000,933,2023
"Lea County, New Mexico",28647,24812,9.8,28647,17074,197200,1173,2023
"McKinley County, New Mexico",25443,21312,1.1,25443,13859,71000,768,2023
"Otero County, New Mexico",32901,25289,7.0,32901,17772,154200,965,2023
"Sandoval County, New Mexico",62015,58731,5.4,62015,47246,324100,1464,2023
"San Juan County, New Mexico",48435,42670,4.3,48435,30985,201700,965,2023
"Santa Fe County, New Mexico",79707,71322,3.9,79707,49098,485300,1254,2023
"Valencia County, New Mexico",31219,29932,5.8,31219,22835,232700,1021,2023
"Albany County, New York",148506,134971,2.8,148506,75449,291300,1313,2023
"Bronx County, New York",564905,537953,2.1,564905,107907,498200,1352,2023
"Broome County, New York",93455,80001,10.1,93455,52172,155100,935,2023
"Cattaraugus County, New York",40471,32376,10.2,40471,24242,105500,715,2023
"Cayuga County, New York",36962,32786,0.7,36962,25779,161700,925,2023
"Chautauqua County, New York",66454,54284,3.7,66454,38030,124600,797,2023
"Chemung County, New York",39373,35591,12.1,39373,25009,139600,1013,2023
"Clinton County, New York",37772,34639,0.8,37772,22345,173000,948,2023
"Dutchess County, New York",123576,115529,3.7,123576,79790,395400,1574,2023
"Erie County, New York",442461,410430,3.5,442461,268344,241900,1067,2023
"Jefferson County, New York",61993,50542,2.0,61993,26728,184200,1227,2023
"Kings County, New York",1110671,1035549,2.5,1110671,297305,880300,1762,2023
"Madison County, New York",30772,26755,4.3,30772,20520,180600,869,2023
"Monroe County, New York",340285,317369,6.3,340285,199548,217300,1163,2023
"Nassau County, New York",479796,458162,3.6,479796,371714,674200,2228,2023
"New York County, New York",928727,787747,3.9,928727,200348,1010800,2169,2023
"Niagara County, New York",100604,91894,4.8,100604,63732,189700,985,2023
"Oneida County, New York",105776,96767,4.4,105776,64262,188300,913,2023
"Onondaga County, New York",212317,198699,3.9,212317,130708,202400,1095,2023
"Ontario County, New York",53825,48610,6.1,53825,37124,228000,1210,2023
"Orange County, New York",151080,138856,4.4,151080,96251,391800,1642,2023
"Oswego County, New York",55054,48010,5.0,55054,37032,153500,957,2023
"Putnam County, New York",38564,36405,0.0,38564,29605,482300,1833,2023
"Queens County, New York",917300,863975,2.6,917300,385206,692500,1877,2023
"Rensselaer County, New York",74704,66583,5.9,74704,45548,257600,1242,2023
"Richmond County, New York",184959,169526,4.1,184959,112983,672400,1688,2023
"Rockland County, New York",109342,104325,3.4,109342,72504,600500,1868,2023
"St. Lawrence County, New York",52167,42945,4.3,52167,28653,130200,789,2023
"Saratoga County, New York",113278,103758,2.2,113278,72541,348800,1362,2023
"Schenectady County, New York",71510,68172,5.8,71510,43331,242700,1240,2023
"Steuben County, New York",47794,38764,7.9,47794,29096,137000,838,2023
"Suffolk County, New York",581867,508809,5.8,581867,413233,584800,2045,2023
"Sullivan County, New York",50492,30971,7.6,50492,21480,273800,1028,2023
"Tompkins County, New York",48199,43054,3.1,48199,23737,263100,1383,2023
"Ulster County, New York",86867,73895,8.3,86867,53482,373400,1363,2023
"Warren County, New York",40584,31013,12.8,40584,21613,265300,1051,2023
"Wayne County, New York",42604,39094,0.6,42604,31421,173600,996,2023
"Westchester County, New York",397475,374012,1.9,397475,231979,645700,1873,2023
"Alamance County, North Carolina",78406,70911,8.2,78406,46822,265200,1033,2023
"Brunswick County, North Carolina",102934,72932,33.9,102934,61124,360100,1373,2023
"Buncombe County, North Carolina",137126,104181,16.5,137126,68718,426000,1368,2023
"Burke County, North Carolina",40857,37485,1.4,40857,27442,212500,786,2023
"Cabarrus County, North Carolina",95944,90254,2.3,95944,60496,374400,1484,2023
"Caldwell County, North Carolina",37643,34367,2.0,37643,23886,205400,764,2023
"Carteret County, North Carolina",52843,34497,0.3,52843,25637,343000,1144,2023
"Catawba County, North Carolina",74402,68126,8.1,74402,49779,257100,947,2023
"Chatham County, North Carolina",36867,33971,0.0,36867,28307,442800,1100,2023
"Cleveland County, North Carolina",44565,39314,3.4,44565,28993,228300,880,2023
"Craven County, North Carolina",48300,41100,3.0,48300,28487,229500,1039,2023
"Cumberland County, North Carolina",144638,131421,8.1,144638,74311,214600,1228,2023
"Davidson County, North Carolina",77350,71400,1.8,77350,52081,232100,836,2023
"Durham County, North Carolina",156874,143466,6.8,156874,79227,419200,1587,2023
"Forsyth County, North Carolina",177815,166028,5.8,177815,104244,267800,1104,2023
"Franklin County, North Carolina",32924,31057,2.2,32924,24393,290600,1065,2023
"Gaston County, North Carolina",103202,97287,1.8,103202,61918,284400,1221,2023
"Guilford County, North Carolina",240354,222927,5.7,240354,134222,270000,1165,2023
"Harnett County, North Carolina",55851,49285,9.1,55851,37520,285300,1095,2023
"Henderson County, North Carolina",58917,52492,5.2,58917,39388,372000,1186,2023
"Iredell County, North Carolina",85983,77592,1.6,85983,55223,356100,1238,2023
"Johnston County, North Carolina",94408,87955,6.3,94408,65632,324500,1307,2023
"Lee County, North Carolina",27376,25961,N,27376,17068,241200,864,2023
"Lincoln County, North Carolina",40570,37618,0.8,40570,29999,350700,1082,2023
"Mecklenburg County, North Carolina",513772,474611,7.5,513772,259194,441900,1660,2023
"Moore County, North Carolina",51224,46385,2.4,51224,35044,369100,1342,2023
"Nash County, North Carolina",44127,39349,5.0,44127,23465,210800,937,2023
"New Hanover County, North Carolina",123263,106358,5.5,123263,64594,394100,1466,2023
"Onslow County, North Carolina",88820,76788,7.0,88820,47511,253100,1261,2023
"Orange County, North Carolina",63575,59771,4.0,63575,38265,470300,1425,2023
"Pender County, North Carolina",32796,27256,5.4,32796,22733,315700,1070,2023
"Pitt County, North Carolina",83544,74443,5.6,83544,39438,224100,1042,2023
"Randolph County, North Carolina",63303,59646,0.0,63303,41938,215200,964,2023
"Robeson County, North Carolina",49308,43590,6.6,49308,28486,87100,786,2023
"Rockingham County, North Carolina",44060,39251,0.0,44060,29120,174900,790,2023
"Rowan County, North Carolina",65871,60965,4.7,65871,44945,273700,974,2023
"Rutherford County, North Carolina",32967,26805,13.8,32967,19705,207900,794,2023
"Stanly County, North Carolina",29101,25371,10.1,29101,19514,235800,856,2023
"Surry County, North Carolina",33908,30752,2.1,33908,22840,181800,697,2023
"Union County, North Carolina",91321,87714,5.2,91321,71163,446600,1559,2023
"Wake County, North Carolina",512256,481294,7.4,512256,307341,482100,1652,2023
"Wayne County, North Carolina",53912,47035,0.9,53912,28142,181800,931,2023
"Wilkes County, North Carolina",31949,26154,0.0,31949,19141,182600,655,2023
"Wilson County, North Carolina",37527,34524,5.4,37527,20468,212200,1005,2023
"Burleigh County, North Dakota",44387,42486,1.4,44387,30405,309500,926,2023
"Cass County, North Dakota",90897,84603,8.0,90897,44294,293700,968,2023
"Grand Forks County, North Dakota",34066,32099,5.2,34066,17566,257400,949,2023
"Ward County, North Dakota",32638,28565,6.6,32638,17307,251800,1010,2023
"Allen County, Ohio",44922,42147,1.1,44922,28655,179800,941,2023
"Ashtabula County, Ohio",46596,37507,13.0,46596,29005,161600,721,2023
"Belmont County, Ohio",31511,27281,12.7,31511,20105,151500,743,2023
"Butler County, Ohio",156320,148804,3.8,156320,100449,275100,1139,2023
"Clark County, Ohio",61238,55322,2.5,61238,37864,173800,785,2023
"Clermont County, Ohio",89377,87429,4.7,89377,65500,279700,1076,2023
"Columbiana County, Ohio",46188,42415,2.9,46188,31768,163700,756,2023
"Cuyahoga County, Ohio",615233,551306,7.8,615233,338490,197900,1053,2023
"Delaware County, Ohio",88208,84413,3.8,88208,65786,460600,1494,2023
"Erie County, Ohio",38709,33608,2.3,38709,23401,197000,895,2023
"Fairfield County, Ohio",64767,62834,6.0,64767,46876,314800,1146,2023
"Franklin County, Ohio",601843,561634,3.0,601843,286812,301000,1287,2023
"Geauga County, Ohio",37854,36405,N,37854,32234,318800,904,2023
"Greene County, Ohio",72929,70169,2.1,72929,47526,265500,1204,2023
"Hamilton County, Ohio",382471,360340,2.9,382471,209225,250500,1053,2023
"Hancock County, Ohio",34097,31675,7.8,34097,22668,208500,989,2023
"Lake County, Ohio",106863,103532,2.8,106863,77714,217600,1085,2023
"Licking County, Ohio",73550,68568,5.8,73550,50528,277400,1048,2023
"Lorain County, Ohio",137570,128887,8.4,137570,97331,223800,930,2023
"Lucas County, Ohio",201324,182625,7.3,201324,111495,168400,934,2023
"Mahoning County, Ohio",108000,98872,7.4,108000,67982,154300,813,2023
"Marion County, Ohio",27348,24957,3.0,27348,17471,153800,814,2023
"Medina County, Ohio",76698,73675,4.1,76698,58948,284800,1128,2023
"Miami County, Ohio",47539,44756,6.4,47539,31241,255500,884,2023
"Montgomery County, Ohio",253721,235734,4.0,253721,144280,184100,1014,2023
"Muskingum County, Ohio",38333,32776,12.3,38333,22893,184900,840,2023
"Portage County, Ohio",71677,65601,3.8,71677,45570,229800,1085,2023
"Richland County, Ohio",54791,51046,6.8,54791,35850,176800,808,2023
"Ross County, Ohio",32077,28870,0.0,32077,19949,177200,865,2023
"Scioto County, Ohio",33070,30143,1.5,33070,20306,163400,805,2023
"Stark County, Ohio",168561,156143,1.4,168561,108778,188500,891,2023
"Summit County, Ohio",249465,232592,1.5,249465,157633,210500,1007,2023
"Trumbull County, Ohio",94443,87955,4.9,94443,62483,142900,761,2023
"Tuscarawas County, Ohio",40893,39110,0.0,40893,26838,185500,850,2023
"Union County, Ohio",26135,25554,N,26135,19864,358900,1247,2023
"Warren County, Ohio",97299,93271,12.5,97299,74339,364700,1453,2023
"Wayne County, Ohio",47136,44453,5.6,47136,33981,218900,886,2023
"Wood County, Ohio",57882,54408,5.3,57882,35144,229400,929,2023
"Canadian County, Oklahoma",62759,58214,10.1,62759,42184,260400,1329,2023
"Cleveland County, Oklahoma",125778,118062,4.4,125778,72244,245700,1149,2023
"Comanche County, Oklahoma",52712,45945,6.2,52712,26296,160900,991,2023
"Creek County, Oklahoma",31883,28988,3.5,31883,20986,189400,882,2023
"Muskogee County, Oklahoma",29404,26362,4.1,29404,17370,157300,800,2023
"Oklahoma County, Oklahoma",364417,335473,6.4,364417,193167,242700,1143,2023
"Payne County, Oklahoma",37253,32739,10.6,37253,17561,227300,953,2023
"Pottawatomie County, Oklahoma",30413,27150,3.9,30413,18198,175000,832,2023
"Rogers County, Oklahoma",40087,37082,3.3,40087,28998,247500,1053,2023
"Tulsa County, Oklahoma",300575,275702,4.2,300575,161358,238600,1108,2023
"Wagoner County, Oklahoma",34899,31633,5.6,34899,25909,240100,1088,2023
"Benton County, Oregon",41238,38306,4.3,41238,22030,538100,1368,2023
"Clackamas County, Oregon",176600,167319,6.7,176600,122193,605400,1749,2023
"Deschutes County, Oregon",101712,88597,4.5,101712,62545,662700,1806,2023
"Douglas County, Oregon",50956,47733,2.8,50956,35261,326900,1038,2023
"Jackson County, Oregon",98858,92225,6.3,98858,61513,431500,1419,2023
"Josephine County, Oregon",39910,37241,4.0,39910,27532,399400,1166,2023
"Klamath County, Oregon",33387,30395,0.5,33387,20494,271700,987,2023
"Lane County, Oregon",171785,162001,4.0,171785,96589,438200,1373,2023
"Linn County, Oregon",53875,51636,0.4,53875,34539,398300,1359,2023
"Marion County, Oregon",134380,129087,4.7,134380,78760,429400,1416,2023
"Multnomah County, Oregon",373973,354646,5.3,373973,185619,543700,1543,2023
"Polk County, Oregon",35385,33113,3.2,35385,21509,466500,1201,2023
"Umatilla County, Oregon",32837,30821,2.4,32837,19429,299200,963,2023
"Washington County, Oregon",246408,237507,4.7,246408,147400,589000,1818,2023
"Yamhill County, Oregon",41807,40380,N,41807,29072,471900,1421,2023
"Adams County, Pennsylvania",44034,41810,4.7,44034,32649,275300,1061,2023
"Allegheny County, Pennsylvania",608914,547396,7.9,608914,360344,232300,1154,2023
"Armstrong County, Pennsylvania",32189,28117,11.8,32189,22317,157800,724,2023
"Beaver County, Pennsylvania",79461,73220,8.3,79461,55781,191100,840,2023
"Berks County, Pennsylvania",172010,163307,2.3,172010,117706,261200,1219,2023
"Blair County, Pennsylvania",55954,50651,7.2,55954,36296,157000,837,2023
"Bucks County, Pennsylvania",258078,249189,2.1,258078,193310,450900,1612,2023
"Butler County, Pennsylvania",88411,81535,6.0,88411,62014,296300,1060,2023
"Cambria County, Pennsylvania",64520,57282,1.6,64520,43811,121800,725,2023
"Carbon County, Pennsylvania",34528,28934,7.9,34528,22661,207900,1074,2023
"Centre County, Pennsylvania",67085,62175,4.6,67085,36678,322900,1198,2023
"Chester County, Pennsylvania",214831,205426,5.6,214831,155127,489500,1719,2023
"Clearfield County, Pennsylvania",38261,33554,3.4,38261,26289,145100,790,2023
"Columbia County, Pennsylvania",29947,25929,0.0,29947,18743,224000,870,2023
"Crawford County, Pennsylvania",42197,34813,4.0,42197,26128,150500,764,2023
"Cumberland County, Pennsylvania",112477,107981,0.3,112477,79993,285200,1148,2023
"Dauphin County, Pennsylvania",128573,121773,3.8,128573,75592,239800,1244,2023
"Delaware County, Pennsylvania",230090,215645,3.9,230090,154285,333800,1307,2023
"Erie County, Pennsylvania",120289,111118,9.9,120289,76673,179200,894,2023
"Fayette County, Pennsylvania",62428,55724,5.0,62428,39699,144300,745,2023
"Franklin County, Pennsylvania",67447,62966,3.4,67447,48109,248900,1095,2023
"Indiana County, Pennsylvania",37689,32454,11.9,37689,23749,152600,788,2023
"Lackawanna County, Pennsylvania",100392,88871,6.7,100392,57513,200900,1069,2023
"Lancaster County, Pennsylvania",220296,211669,3.2,220296,145915,306900,1329,2023
"Lawrence County, Pennsylvania",39650,36638,0.0,39650,28355,150800,763,2023
"Lebanon County, Pennsylvania",60368,58012,2.8,60368,41238,235400,1186,2023
"Lehigh County, Pennsylvania",152143,147524,1.8,152143,95612,318700,1346,2023
"Luzerne County, Pennsylvania",151547,136046,7.0,151547,93104,179900,1058,2023
"Lycoming County, Pennsylvania",52777,46849,3.2,52777,32302,205900,869,2023
"Mercer County, Pennsylvania",51032,47517,1.1,51032,34790,166800,874,2023
"Monroe County, Pennsylvania",79881,61129,2.9,79881,48380,275300,1325,2023
"Montgomery County, Pennsylvania",352167,338467,4.8,352167,239242,445000,1674,2023
"Northampton County, Pennsylvania",130430,123536,2.6,130430,88067,312800,1390,2023
"Northumberland County, Pennsylvania",43443,37343,2.3,43443,29163,164300,746,2023
"Philadelphia County, Pennsylvania",760242,688112,5.0,760242,356697,246600,1390,2023
"Schuylkill County, Pennsylvania",67424,58809,3.0,67424,44546,149600,801,2023
"Somerset County, Pennsylvania",37898,29435,11.4,37898,23118,144700,794,2023
"Washington County, Pennsylvania",98498,89091,10.2,98498,69523,233200,956,2023
"Westmoreland County, Pennsylvania",169312,155459,3.0,169312,122493,203600,862,2023
"York County, Pennsylvania",191099,183864,3.5,191099,138048,257600,1149,2023
"Kent County, Rhode Island",76747,73493,4.6,76747,52983,366800,1342,2023
"Newport County, Rhode Island",43768,36932,7.4,43768,26048,633700,1657,2023
"Providence County, Rhode Island",278242,259528,4.4,278242,148289,377700,1369,2023
"Washington County, Rhode Island",66714,53307,5.2,66714,42031,541500,1194,2023
"Aiken County, South Carolina",81620,70920,9.6,81620,55994,223400,1022,2023
"Anderson County, South Carolina",93805,86773,4.1,93805,66018,250500,1053,2023
"Beaufort County, South Carolina",105573,87165,19.0,105573,65288,466600,1759,2023
"Berkeley County, South Carolina",104001,97713,6.9,104001,74616,330400,1654,2023
"Charleston County, South Carolina",213374,183800,11.5,213374,118115,510900,1665,2023
"Dorchester County, South Carolina",69568,65532,6.3,69568,48590,327100,1505,2023
"Florence County, South Carolina",62685,53651,10.8,62685,34177,173200,1012,2023
"Georgetown County, South Carolina",37812,28720,0.0,37812,24073,322200,1517,2023
"Greenville County, South Carolina",243913,226571,6.6,243913,154200,326100,1295,2023
"Greenwood County, South Carolina",31948,29676,2.1,31948,19622,191300,894,2023
"Horry County, South Carolina",224223,168080,15.6,224223,132197,316800,1265,2023
"Kershaw County, South Carolina",30664,27356,7.3,30664,23092,222400,1032,2023
"Lancaster County, South Carolina",45158,42439,8.3,45158,35201,334300,1097,2023
"Laurens County, South Carolina",32393,28833,4.8,32393,20475,172700,876,2023
"Lexington County, South Carolina",135263,126509,4.2,135263,96817,243500,1166,2023
"Oconee County, South Carolina",42857,34416,7.9,42857,25587,255000,814,2023
"Orangeburg County, South Carolina",41660,34120,13.1,41660,24086,123400,838,2023
"Pickens County, South Carolina",60078,54412,6.2,60078,39268,240400,961,2023
"Richland County, South Carolina",190567,169715,4.5,190567,104564,246900,1198,2023
"Spartanburg County, South Carolina",147365,134559,6.8,147365,97626,240600,1028,2023
"Sumter County, South Carolina",48004,40059,6.4,48004,26775,190400,931,2023
"York County, South Carolina",123625,113164,10.9,123625,86838,383600,1360,2023
"Lincoln County, South Dakota",30105,28842,10.4,30105,20917,359800,1261,2023
"Minnehaha County, South Dakota",92807,87657,9.0,92807,57429,297000,949,2023
"Pennington County, South Dakota",52914,48946,1.5,52914,32781,313000,1127,2023
"Anderson County, Tennessee",36238,33521,1.8,36238,24453,243700,927,2023
"Blount County, Tennessee",63062,56548,2.2,63062,44305,348300,1159,2023
"Bradley County, Tennessee",46536,42712,4.8,46536,28180,267000,983,2023
"Davidson County, Tennessee",372293,341597,6.5,372293,180349,437700,1620,2023
"Greene County, Tennessee",32916,28214,10.0,32916,21756,217300,737,2023
"Hamblen County, Tennessee",28467,27311,N,28467,19053,238400,901,2023
"Hamilton County, Tennessee",171046,157992,2.8,171046,100609,333900,1298,2023
"Knox County, Tennessee",219943,200022,6.0,219943,131505,359000,1301,2023
"Madison County, Tennessee",44300,40525,5.5,44300,24713,225500,1152,2023
"Maury County, Tennessee",47735,45571,5.0,47735,30795,379200,1219,2023
"Montgomery County, Tennessee",97515,91893,8.0,97515,54755,305200,1376,2023
"Putnam County, Tennessee",37080,34727,6.0,37080,20841,290100,873,2023
"Robertson County, Tennessee",30542,29522,2.8,30542,22754,355800,1258,2023
"Rutherford County, Tennessee",141577,134245,2.5,141577,85559,406700,1548,2023
"Sevier County, Tennessee",60304,42727,17.9,60304,29648,302400,970,2023
"Shelby County, Tennessee",405147,362776,7.4,405147,194545,271000,1226,2023
"Sullivan County, Tennessee",76689,68655,9.6,76689,51856,230500,879,2023
"Sumner County, Tennessee",85279,80536,3.7,85279,56663,411900,1424,2023
"Washington County, Tennessee",62732,57629,4.7,62732,38198,260800,1026,2023
"Williamson County, Tennessee",99702,95439,8.7,99702,75639,777800,1972,2023
"Wilson County, Tennessee",65428,60911,8.5,65428,48159,475100,1517,2023
"Angelina County, Texas",37288,31996,4.8,37288,20888,167400,1068,2023
"Bastrop County, Texas",41426,38591,2.2,41426,28828,317000,1605,2023
"Bell County, Texas",158782,145863,6.2,158782,85609,262300,1331,2023
"Bexar County, Texas",836113,758070,9.8,836113,449545,277000,1332,2023
"Bowie County, Texas",40178,36110,8.4,40178,23235,160700,1026,2023
"Brazoria County, Texas",154657,138692,11.6,154657,101477,304700,1471,2023
"Brazos County, Texas",102864,92216,6.1,102864,42183,309300,1188,2023
"Cameron County, Texas",162060,143033,7.3,162060,94661,154200,904,2023
"Collin County, Texas",453903,431746,6.4,453903,275791,513100,1866,2023
"Comal County, Texas",82086,75234,10.5,82086,58955,465900,1546,2023
"Coryell County, Texas",29882,28070,4.3,29882,17323,216100,1181,2023
"Dallas County, Texas",1079042,993312,9.7,1079042,499830,319100,1597,2023
"Denton County, Texas",390775,370503,4.4,390775,244791,460300,1747,2023
"Ector County, Texas",70135,66937,1.7,70135,43278,196500,1169,2023
"Ellis County, Texas",78763,75570,2.3,78763,56467,366500,1693,2023
"El Paso County, Texas",326149,301198,6.4,326149,190745,191100,1127,2023
"Fort Bend County, Texas",318065,303900,6.7,318065,234554,384100,1839,2023
"Galveston County, Texas",164232,142199,10.7,164232,96862,315000,1401,2023
"Grayson County, Texas",64132,56267,6.5,64132,37211,281700,1325,2023
"Gregg County, Texas",54275,47550,5.2,54275,28378,197700,1117,2023
"Guadalupe County, Texas",72231,69236,8.3,72231,56054,325000,1598,2023
"Harris County, Texas",1952822,1791013,9.2,1952822,988178,287100,1403,2023
"Harrison County, Texas",30094,26811,6.0,30094,19523,201900,972,2023
"Hays County, Texas",110248,105917,5.5,110248,67818,428400,1443,2023
"Henderson County, Texas",42610,33957,11.7,42610,26630,212500,999,2023
"Hidalgo County, Texas",314617,277001,5.1,314617,184249,151200,936,2023
"Hood County, Texas",29446,25660,26.2,29446,20647,350100,1514,2023
"Hunt County, Texas",44276,40067,4.0,44276,28720,259800,1214,2023
"Jefferson County, Texas",110636,94005,9.9,110636,60906,171000,1129,2023
"Johnson County, Texas",73192,65934,7.1,73192,49512,310900,1370,2023
"Kaufman County, Texas",55790,52963,9.2,55790,43208,347000,1526,2023
"Liberty County, Texas",37530,32959,9.0,37530,26630,201200,1099,2023
"Lubbock County, Texas",142808,128053,8.3,142808,66968,213900,1170,2023
"McLennan County, Texas",109561,96965,7.5,109561,62830,264100,1120,2023
"Midland County, Texas",73645,70890,4.0,73645,46554,314500,1328,2023
"Montgomery County, Texas",280341,262273,6.9,280341,182061,359800,1508,2023
"Nacogdoches County, Texas",29235,25074,9.9,29235,14418,201500,883,2023
"Nueces County, Texas",155871,132759,13.9,155871,78509,213500,1248,2023
"Orange County, Texas",38185,33271,14.0,38185,23964,180500,1067,2023
"Parker County, Texas",61205,57996,13.1,61205,46526,383100,1541,2023
"Potter County, Texas",49683,42674,16.5,49683,25303,144800,980,2023
"Randall County, Texas",62194,56279,10.4,62194,38800,236900,1059,2023
"Rockwall County, Texas",46264,43259,3.8,46264,34738,429700,2093,2023
"San Patricio County, Texas",30845,25735,5.6,30845,17615,193200,1165,2023
"Smith County, Texas",100755,81987,22.0,100755,57201,272700,1299,2023
"Starr County, Texas",23208,19004,8.6,23208,12708,89600,747,2023
"Tarrant County, Texas",861091,801716,7.2,861091,468641,336000,1569,2023
"Taylor County, Texas",62978,54805,1.8,62978,32505,200300,1269,2023
"Tom Green County, Texas",52674,47638,7.1,52674,28060,198500,1128,2023
"Travis County, Texas",644946,608921,5.3,644946,317631,569000,1770,2023
"Victoria County, Texas",39826,34484,17.5,39826,23318,202400,1164,2023
"Walker County, Texas",31405,26539,7.4,31405,15536,298600,1045,2023
"Webb County, Texas",89651,83045,7.4,89651,54264,200800,990,2023
"Wichita County, Texas",55973,49403,12.1,55973,31701,168100,976,2023
"Williamson County, Texas",275590,264986,2.7,275590,174598,464800,1830,2023
"Wise County, Texas",27986,26319,8.4,27986,21389,318300,1292,2023
"Cache County, Utah",47970,46318,2.0,47970,27935,468300,1275,2023
"Davis County, Utah",123839,118498,4.2,123839,91930,538100,1615,2023
"Salt Lake County, Utah",458842,436181,5.1,458842,285404,556300,1651,2023
"Tooele County, Utah",25785,24796,8.4,25785,20796,459000,1090,2023
"Utah County, Utah",220652,214806,2.3,220652,144454,570100,1560,2023
"Washington County, Utah",85713,72315,18.8,85713,52806,528100,1624,2023
"Weber County, Utah",103221,97783,5.3,103221,72884,437200,1445,2023
"Chittenden County, Vermont",75696,73216,2.0,75696,48519,436100,1659,2023
"Albemarle County, Virginia",50048,46900,2.2,50048,31159,492800,1607,2023
"Arlington County, Virginia",123966,114097,3.2,123966,46852,850900,2223,2023
"Augusta County, Virginia",33341,32169,N,33341,25745,293600,1114,2023
"Bedford County, Virginia",37590,33205,2.3,37590,27208,295100,942,2023
"Chesterfield County, Virginia",148929,143255,6.3,148929,112657,367000,1594,2023
"Fairfax County, Virginia",431006,414946,4.2,431006,280307,727200,2156,2023
"Fauquier County, Virginia",28766,26954,5.9,28766,22106,562100,1473,2023
"Frederick County, Virginia",37878,35341,2.5,37878,29230,387800,1368,2023
"Hanover County, Virginia",45241,43496,1.6,45241,35076,405000,1593,2023
"Henrico County, Virginia",146787,137529,7.8,146787,87032,362400,1593,2023
"James City County, Virginia",34964,33898,N,34964,25878,449300,1646,2023
"Loudoun County, Virginia",149238,145601,4.0,149238,113560,734700,2321,2023
"Montgomery County, Virginia",43361,37229,3.3,43361,20806,303500,1241,2023
"Prince William County, Virginia",163543,158620,4.4,163543,120478,532600,2042,2023
"Roanoke County, Virginia",42398,40176,8.8,42398,30322,296800,1161,2023
"Rockingham County, Virginia",37110,32827,0.4,37110,25280,312700,1047,2023
"Spotsylvania County, Virginia",57053,55487,4.4,57053,44395,421800,1770,2023
"Stafford County, Virginia",55517,53938,1.5,55517,43727,492500,2026,2023
"York County, Virginia",28753,27654,N,28753,18619,414600,1845,2023
"Alexandria city, Virginia",81631,76890,5.2,81631,33245,737900,1954,2023
"Chesapeake city, Virginia",97927,94056,5.8,97927,70659,380100,1628,2023
"Hampton city, Virginia",62616,57645,7.7,62616,32136,258400,1455,2023
"Lynchburg city, Virginia",34308,28916,8.7,34308,14063,247100,1062,2023
"Newport News city, Virginia",82088,76086,6.7,82088,36957,261800,1326,2023
"Norfolk city, Virginia",104467,94056,6.0,104467,41950,298600,1314,2023
"Portsmouth city, Virginia",43369,40661,2.9,43369,22624,268300,1225,2023
"Richmond city, Virginia",115673,104332,8.5,115673,47009,365100,1441,2023
"Roanoke city, Virginia",49356,45061,3.9,49356,23408,215000,1110,2023
"Suffolk city, Virginia",41452,39203,2.1,41452,27510,352000,1460,2023
"Virginia Beach city, Virginia",192041,179291,5.6,192041,118104,384200,1704,2023
"Benton County, Washington",84476,78748,6.9,84476,55124,427200,1327,2023
"Chelan County, Washington",39366,32915,3.0,39366,21497,526200,1139,2023
"Clallam County, Washington",38871,34807,3.3,38871,24852,431000,1094,2023
"Clark County, Washington",210629,202217,4.8,210629,134968,542200,1731,2023
"Cowlitz County, Washington",46785,44694,0.9,46785,30613,405400,1176,2023
"Franklin County, Washington",31902,30733,3.0,31902,20468,392100,1183,2023
"Grant County, Washington",40872,34911,3.0,40872,22113,309500,1057,2023
"Grays Harbor County, Washington",37364,30498,5.3,37364,22817,323200,1041,2023
"Island County, Washington",43115,35431,10.6,43115,27081,595100,1632,2023
"King County, Washington",1021711,949792,6.9,1021711,527938,848300,2043,2023
"Kitsap County, Washington",118685,109652,6.6,118685,77690,564600,1808,2023
"Lewis County, Washington",37051,33672,4.2,37051,25356,395200,1080,2023
"Mason County, Washington",34405,25161,3.7,34405,21169,432400,1368,2023
"Pierce County, Washington",375752,356066,4.6,375752,228971,538000,1802,2023
"Skagit County, Washington",57730,53087,0.5,57730,37441,558300,1667,2023
"Snohomish County, Washington",336964,321835,4.2,336964,217214,697700,1911,2023
"Spokane County, Washington",235146,219230,6.0,235146,140447,421400,1297,2023
"Thurston County, Washington",126658,119786,5.8,126658,79682,493100,1776,2023
"Whatcom County, Washington",105216,93449,2.7,105216,58907,611200,1497,2023
"Yakima County, Washington",93422,89414,2.5,93422,55281,318900,1119,2023
"Berkeley County, West Virginia",55199,51094,3.2,55199,37139,271600,1269,2023
"Cabell County, West Virginia",45986,39720,6.0,45986,24055,175100,859,2023
"Harrison County, West Virginia",30586,27161,10.5,30586,19729,174900,824,2023
"Kanawha County, West Virginia",90364,76963,8.1,90364,54828,138000,839,2023
"Monongalia County, West Virginia",49933,44307,8.4,49933,25483,261500,913,2023
"Raleigh County, West Virginia",34624,28275,9.0,34624,20637,158800,893,2023
"Wood County, West Virginia",40271,36936,8.5,40271,27457,163700,736,2023
"Brown County, Wisconsin",116085,112027,2.3,116085,72363,273900,1033,2023
"Chippewa County, Wisconsin",29610,27846,N,29610,22283,260900,873,2023
"Dane County, Wisconsin",265180,257528,2.4,265180,142461,393500,1378,2023
"Dodge County, Wisconsin",38494,35795,2.4,38494,25656,242200,968,2023
"Eau Claire County, Wisconsin",47186,44769,6.3,47186,27397,269000,1041,2023
"Fond du Lac County, Wisconsin",46157,44262,2.8,46157,31285,232900,964,2023
"Jefferson County, Wisconsin",37061,34914,4.3,37061,26208,283700,953,2023
"Kenosha County, Wisconsin",73779,69907,5.1,73779,46463,265500,1212,2023
"La Crosse County, Wisconsin",54019,51283,0.9,54019,31641,272200,1009,2023
"Manitowoc County, Wisconsin",38143,35669,8.8,38143,27397,199800,752,2023
"Marathon County, Wisconsin",60979,58104,3.6,60979,42380,215700,977,2023
"Milwaukee County, Wisconsin",423914,388165,6.7,423914,200034,232500,1084,2023
"Outagamie County, Wisconsin",80970,78027,2.7,80970,56009,276500,1101,2023
"Ozaukee County, Wisconsin",40045,38030,7.7,40045,28132,403300,988,2023
"Portage County, Wisconsin",32017,30620,2.0,32017,20552,258900,948,2023
"Racine County, Wisconsin",84789,79066,5.6,84789,57311,253200,1038,2023
"Rock County, Wisconsin",71575,66220,3.3,71575,46707,247500,973,2023
"St. Croix County, Wisconsin",39417,38606,1.9,39417,30292,375000,1478,2023
"Sauk County, Wisconsin",31695,28295,4.5,31695,20032,271300,1076,2023
"Sheboygan County, Wisconsin",52869,49852,5.3,52869,35455,239700,895,2023
"Walworth County, Wisconsin",54079,43005,6.8,54079,30447,315100,1116,2023
"Washington County, Wisconsin",59602,56641,3.2,59602,43843,356800,1174,2023
"Waukesha County, Wisconsin",176107,168150,4.4,176107,126410,390500,1330,2023
"Winnebago County, Wisconsin",77742,71563,5.6,77742,47394,222400,929,2023
"Wood County, Wisconsin",34822,32099,5.4,34822,23603,174500,766,2023
"Laramie County, Wyoming",46692,44460,4.2,46692,30206,357300,1143,2023
"Natrona County, Wyoming",37538,34332,7.4,37538,25160,267300,1063,2023
"Arecibo Municipio, Puerto Rico",42670,33466,2.4,42670,22830,114600,536,2023
"Bayam√≥n Municipio, Puerto Rico",88123,76203,1.9,88123,53562,144900,662,2023
"Caguas Municipio, Puerto Rico",61113,51579,2.4,61113,35192,152900,590,2023
"Carolina Municipio, Puerto Rico",79639,63447,4.8,79639,45987,155700,609,2023
"Guaynabo Municipio, Puerto Rico",42397,34184,4.6,42397,23345,235900,1079,2023
"Mayag√ºez Municipio, Puerto Rico",41887,31111,7.4,41887,14182,107000,447,2023
"Ponce Municipio, Puerto Rico",69133,56772,1.3,69133,34951,100600,526,2023
"San Juan Municipio, Puerto Rico",199788,150969,7.6,199788,81795,175300,607,2023
"Toa Alta Municipio, Puerto Rico",27530,24486,3.3,27530,20218,176800,566,2023
"Toa Baja Municipio, Puerto Rico",35996,30304,3.5,35996,21741,148100,772,2023
"Trujillo Alto Municipio, Puerto Rico",30604,27299,3.6,30604,20827,167800,749,2023
